Total unique messages to process: 715
PDF output dir: /home/unclehowell/datro/wayback/pdf
Text output dir: /home/unclehowell/datro/wayback/text

[1/715] ID=123afe9ce04a522a (land registry)
    DOWNLOADED: CSPrintAndSaveServlet.pdf (128170 bytes)
    TEXT EXISTS: Enquiry_123afe9ce04a522a.txt
[2/715] ID=123afe9d2617e0e6 (land registry)
    EXISTS: CSPrintAndSaveServlet.pdf
    TEXT EXISTS: Enquiry_123afe9d2617e0e6.txt
[3/715] ID=144ef50491fb8476 (FOI)
    TEXT EXISTS: CESG Enquiry_144ef50491fb8476.txt
[4/715] ID=144ef5063e574e9a (FOI)
    TEXT EXISTS: CESG Enquiry_144ef5063e574e9a.txt
[5/715] ID=1493fe6413aad75b (FOI)
    TEXT EXISTS: Happy Birthday from IntaPeople_1493fe6413aad75b.txt
[6/715] ID=14b6ebe7b0680f55 (FOI)
    TEXT EXISTS: Re_ Invoice_ URGENT_14b6ebe7b0680f55.txt
[7/715] ID=14cd634076c2e050 (FOI)
    TEXT EXISTS: Thank you for your email._14cd634076c2e050.txt
[8/715] ID=14cd9fe9a14d559e (FOI)
    TEXT EXISTS: Thank you for your email._14cd9fe9a14d559e.txt
[9/715] ID=14ce5a85341d49cc (FOI)
    TEXT EXISTS: Thank you for your email._14ce5a85341d49cc.txt
[10/715] ID=14e5b8f02fae22be (Great House Farm, Llandough, BP vs Buckler)
    TEXT EXISTS: Re_ Intro - Eoin, Sion (Wife Eye WiFi)_14e5b8f02fae22be.txt
[11/715] ID=14f26c955897ffb6 (FOI)
    TEXT EXISTS: Ceop reference -78777_14f26c955897ffb6.txt
[12/715] ID=14fdbb92d1882403 (FOI)
    TEXT EXISTS: England Application_14fdbb92d1882403.txt
[13/715] ID=14fdc72472e206ac (FOI)
    TEXT EXISTS: England Application_14fdc72472e206ac.txt
[14/715] ID=14fe0328672c3202 (FOI)
    DOWNLOADED: AFW Application Form (2014).pdf (1032704 bytes)
    TEXT EXISTS: Grant Application_ UTE_14fe0328672c3202.txt
[15/715] ID=14fe135934313b66 (FOI)
    TEXT EXISTS: Automatic reply_ Grant Application_ UTE_14fe135934313b66.txt
[16/715] ID=1500b73ad7757d58 (Llandough)
    TEXT EXISTS: FAO_ British Countrymen, Women and Children (URGENT_ IMPORTANT)_1500b73ad7757d58.txt
[17/715] ID=150983a5437383d7 (FOI)
    TEXT EXISTS: Happy Birthday from IntaPeople_150983a5437383d7.txt
[18/715] ID=153f9e5971603be4 (FOI)
    TEXT EXISTS: Fwd_ Child Abuse Cover Up_153f9e5971603be4.txt
[19/715] ID=153f9e5ca6b8f1c6 (FOI)
    TEXT EXISTS: Auto Response_153f9e5ca6b8f1c6.txt
[20/715] ID=153fa945bdd71f23 (FOI)
    TEXT EXISTS: RE_ Child Abuse Cover Up_153fa945bdd71f23.txt
[21/715] ID=1542adb761ff3cf5 (FOI)
    DOWNLOADED: 26573865_1_Bright Sun Assignment-C1-C1.pdf (796249 bytes)
    DOWNLOADED: 26574758_1_http___epas.uspto.gov_com_receipt Assignment Bright Sun to Go...-C1-C1.pdf (181741 bytes)
    TEXT EXISTS: Divesture of Google Patents & Deliverables to HLCA Media Ltd._1542adb761ff3cf5.txt
[22/715] ID=1542bfcaddeedc09 (FOI)
    EXISTS: 26573865_1_Bright Sun Assignment-C1-C1.pdf
    EXISTS: 26574758_1_http___epas.uspto.gov_com_receipt Assignment Bright Sun to Go...-C1-C1.pdf
    TEXT EXISTS: Fwd_ Divesture of Google Patents & Deliverables to HLCA Media Ltd._1542bfcaddeedc09.txt
[23/715] ID=154882927d4e34e3 (Llandough)
    TEXT EXISTS: Inquiry_ Milo Allodius ApBuckler_154882927d4e34e3.txt
[24/715] ID=154921d370abc440 (Llandough)
    TEXT EXISTS: Child abuse, abduction cover-up. ONGOING RIGHTS VIOLATIONS_154921d370abc440.txt
[25/715] ID=154921defedc858d (Llandough)
    TEXT EXISTS: Mail delivery failed_ returning message to sender_154921defedc858d.txt
[26/715] ID=154a611ec89531fb (Llandough)
    TEXT EXISTS: Fwd_ Child abuse, abduction cover-up. ONGOING RIGHTS VIOLATIONS_154a611ec89531fb.txt
[27/715] ID=1569677111bc18b3 (land registry, Great House Farm, Llandough, Mrs Williams, BP vs Buckler)
    TEXT EXISTS: BP vs Buckler_1569677111bc18b3.txt
[28/715] ID=1569677640960a79 (BP vs Buckler)
    TEXT EXISTS: Automatic reply_ BP vs Buckler_1569677640960a79.txt
[29/715] ID=156fb8eb81da3d02 (FOI)
    TEXT EXISTS: Information Request_156fb8eb81da3d02.txt
[30/715] ID=157f51070ed31db0 (FOI)
    TEXT EXISTS: Happy Birthday from IntaPeople_157f51070ed31db0.txt
[31/715] ID=158803179ef1c7b5 (FOI)
    TEXT EXISTS: Thank you for your email._158803179ef1c7b5.txt
[32/715] ID=1588036259cd4a89 (FOI)
    TEXT EXISTS: Your email has been received by Cornwall Council_1588036259cd4a89.txt
[33/715] ID=1588036380fa1791 (FOI)
    TEXT EXISTS: Automatic reply_ Child Abduction_ Abuse Cover Up_1588036380fa1791.txt
[34/715] ID=15886d1db643556d (BP vs Buckler)
    TEXT EXISTS: Re_ Child Abduction_ Abuse Cover Up [NOT PROTECTIVELY MARKED]_15886d1db643556d.txt
[35/715] ID=158877fdf0f82f95 (FOI)
    TEXT EXISTS: RE_ Child Abduction_ Abuse Cover Up_158877fdf0f82f95.txt
[36/715] ID=1588805450fa9324 (FOI)
    TEXT EXISTS: Re_ Child Abduction_ Abuse Cover Up_1588805450fa9324.txt
[37/715] ID=15a23b909ae4d1d6 (land registry)
    DOWNLOADED: Business_Plan_Wave_Telecom_V1.4.pdf (2135565 bytes)
    DOWNLOADED: InvestorsGuide2.pdf (2025652 bytes)
    TEXT EXISTS: to pirnt_15a23b909ae4d1d6.txt
[38/715] ID=15e7c9f5442f78ef (land registry)
    EXISTS: Business_Plan_Wave_Telecom_V1.4.pdf
    EXISTS: InvestorsGuide2.pdf
    TEXT EXISTS: Fwd_ to pirnt_15e7c9f5442f78ef.txt
[39/715] ID=15fc4a0908e06642 (FOI)
    TEXT EXISTS: Re_ Strategy_15fc4a0908e06642.txt
[40/715] ID=1604bfcda44c306d (FOI)
    TEXT EXISTS: Re_ Ceop reference -78777_1604bfcda44c306d.txt
[41/715] ID=1606a2120b45f755 (Llandough)
    TEXT EXISTS: Recovery - Bitcoins_1606a2120b45f755.txt
[42/715] ID=162e26e22d834082 (Llandough)
    TEXT EXISTS: Re_ Make it Wave Ltd_162e26e22d834082.txt
[43/715] ID=16b90dba464fda8a (land registry)
    DOWNLOADED: Equifax_credit_Rpt_.pdf (78414 bytes)
    TEXT EXISTS: Equifax Credit Report 2019_16b90dba464fda8a.txt
[44/715] ID=16b940af2a4122cb (land registry)
    EXISTS: Equifax_credit_Rpt_.pdf
    TEXT EXISTS: Re_ 167892951_16b940af2a4122cb.txt
[45/715] ID=16b9410440712e0a (land registry)
    EXISTS: Equifax_credit_Rpt_.pdf
    TEXT EXISTS: Re_ 167892951_16b9410440712e0a.txt
[46/715] ID=16b94336d6e3a7e0 (land registry)
    EXISTS: Equifax_credit_Rpt_.pdf
    TEXT EXISTS: Re_ Complaint reference 14409800 _ Iain Belford_16b94336d6e3a7e0.txt
[47/715] ID=16c1fcb3b7b153b3 (FOI)
    DOWNLOADED: HMT_Early_access_PenSavings_Dec10.pdf (356878 bytes)
    TEXT EXISTS: Enquiry_16c1fcb3b7b153b3.txt
[48/715] ID=16ca005b6ec9c957 (land registry)
    TEXT EXISTS: Re_ Your invitation to Stripe Chargeback Protection_16ca005b6ec9c957.txt
[49/715] ID=16ca03cb56472d26 (land registry)
    TEXT EXISTS: Re_ Your invitation to Stripe Chargeback Protection_16ca03cb56472d26.txt
[50/715] ID=16ca08bea677ef6b (land registry)
    TEXT EXISTS: Re_ Your invitation to Stripe Chargeback Protection_16ca08bea677ef6b.txt
[51/715] ID=16ca0ab938540767 (land registry)
    TEXT EXISTS: Re_ Your invitation to Stripe Chargeback Protection_16ca0ab938540767.txt
[52/715] ID=16ca68b06b50af25 (Llandough)
    TEXT EXISTS: accounts all_16ca68b06b50af25.txt
[53/715] ID=1783ed50cee2787f (land registry)
    DOWNLOADED: EVR Network (2).pdf (1236985 bytes)
    TEXT EXISTS: Balbir_1783ed50cee2787f.txt
[54/715] ID=17843f9f3e0dd689 (land registry)
    DOWNLOADED: EVR Network _2_.pdf (1236985 bytes)
    TEXT EXISTS: Scottish Bay_17843f9f3e0dd689.txt
[55/715] ID=1785078ad149606c (land registry)
    EXISTS: EVR Network _2_.pdf
    TEXT EXISTS: Re_ Investment_1785078ad149606c.txt
[56/715] ID=17a4c7210910b6e5 (BP vs Buckler)
    TEXT EXISTS: Re_ BP vs Buckler_17a4c7210910b6e5.txt
[57/715] ID=17a4c7265f662d5c (BP vs Buckler)
    TEXT EXISTS: Automatic reply_ BP vs Buckler_17a4c7265f662d5c.txt
[58/715] ID=17d342e2bf1df009 (Great House Farm)
    TEXT EXISTS: Google Maps Profile for St. Dochdwy's Church_17d342e2bf1df009.txt
[59/715] ID=17ebd52dc49a2aa8 (BP vs Buckler)
    TEXT EXISTS: Assistance_ Milo_17ebd52dc49a2aa8.txt
[60/715] ID=17fd7baaf9ad2f64 (FOI)
    TEXT EXISTS: _WelcomeTo CommutingAgain_1341_17fd7baaf9ad2f64.txt
[61/715] ID=1856016ed17db7fa (land registry)
    DOWNLOADED: 2022-12-29_summary_of_title_WA386796 _GOV.UK.pdf (191803 bytes)
    DOWNLOADED: DRN7697632.pdf (54739 bytes)
    DOWNLOADED: SMF-22C-617112110560.pdf (43776 bytes)
    TEXT EXISTS: Land Registry_1856016ed17db7fa.txt
[62/715] ID=1856017516392f8e (land registry)
    TEXT EXISTS: Automatic reply_ Land Registry_1856017516392f8e.txt
[63/715] ID=185655bff0d5c965 (land registry)
    EXISTS: SMF-22C-617112110560.pdf
    EXISTS: DRN7697632.pdf
    EXISTS: 2022-12-29_summary_of_title_WA386796 _GOV.UK.pdf
    TEXT EXISTS: First House_185655bff0d5c965.txt
[64/715] ID=186036ccf12b54ba (FOI)
    TEXT EXISTS: Re_ 230130_MKB06 - Glamorganshire Canal Canoe Permit_186036ccf12b54ba.txt
[65/715] ID=1884971f3ca72a62 (Llandough)
    TEXT EXISTS: Dude in Llandough_1884971f3ca72a62.txt
[66/715] ID=18849a24d56440b2 (Llandough)
    TEXT EXISTS: Re_ Dude in Llandough_18849a24d56440b2.txt
[67/715] ID=1893cca75380fa12 (FOI)
    TEXT EXISTS: Automatic reply_ Case ID - 202312498 [REF_Q1_lo_0b_qz_]_1893cca75380fa12.txt
[68/715] ID=1893cce385061e8c (FOI)
    TEXT EXISTS: RE_ Re_ Case ID - 202312498 [REF_Q1_lo_0b_qz_]_1893cce385061e8c.txt
[69/715] ID=18a4241a9b010c96 (FOI)
    TEXT EXISTS: Re_ [Sakari] Re_ Support Request_18a4241a9b010c96.txt
[70/715] ID=18a42b4e45478674 (FOI)
    TEXT EXISTS: [Sakari] Re_ Support Request_18a42b4e45478674.txt
[71/715] ID=18a42c7000a43bd3 (FOI)
    TEXT EXISTS: Re_ [Sakari] Re_ Support Request_18a42c7000a43bd3.txt
[72/715] ID=18a42ce48acff1c8 (FOI)
    TEXT EXISTS: [Sakari] Re_ Support Request_18a42ce48acff1c8.txt
[73/715] ID=18a42daf2bdb4747 (FOI)
    TEXT EXISTS: Re_ [Sakari] Re_ Support Request_18a42daf2bdb4747.txt
[74/715] ID=18a42e001c3e8df2 (FOI)
    TEXT EXISTS: [Sakari] Re_ Support Request_18a42e001c3e8df2.txt
[75/715] ID=18a7bf4c73fc5ed6 (FOI)
    TEXT EXISTS: Automatic reply_ DPR2023_23404_18a7bf4c73fc5ed6.txt
[76/715] ID=18aad5f6380dd669 (FOI)
    TEXT EXISTS: Re_ [Ticket ID_ 722917] This call cannot be made because the numbers in use_18aad5f6380dd669.txt
[77/715] ID=18aade78ab677da4 (FOI)
    TEXT EXISTS: FW_ CRM Reference 4921198 - AC67780_18aade78ab677da4.txt
[78/715] ID=18aae04f169882c4 (FOI, Llandough, BP vs Buckler)
    TEXT EXISTS: Re_ FW_ CRM Reference 4921198 - AC67780_18aae04f169882c4.txt
[79/715] ID=18ab741cec9a7434 (FOI, Llandough, BP vs Buckler)
    TEXT EXISTS: Reply_ CRM Reference 4921198 - AC67780_18ab741cec9a7434.txt
[80/715] ID=18ab85de9b3c753f (Great House Farm, Llandough, BP vs Buckler)
    TEXT EXISTS: Re_ Sion_18ab85de9b3c753f.txt
[81/715] ID=18ac74885e709706 (Great House Farm, Llandough)
    DOWNLOADED: Declaration of Single Status (1).pdf (33446 bytes)
    TEXT EXISTS: Enquiry_18ac74885e709706.txt
[82/715] ID=18ad74aecd8517e6 (FOI)
    TEXT EXISTS: Re_ Complaint - Ticket ID 82002_18ad74aecd8517e6.txt
[83/715] ID=18ad796e540aef73 (FOI)
    TEXT EXISTS: Re_ Complaint - Ticket ID 82002_18ad796e540aef73.txt
[84/715] ID=18ad79a4c4945c40 (FOI)
    TEXT EXISTS: Re_ Complaint - Ticket ID 82002_18ad79a4c4945c40.txt
[85/715] ID=18adb403b89a7b69 (FOI)
    TEXT EXISTS: Re_ Complaint - Ticket ID 82002_18adb403b89a7b69.txt
[86/715] ID=18aef01d452fe644 (BP vs Buckler)
    TEXT EXISTS: FAO_ Catherine_18aef01d452fe644.txt
[87/715] ID=18b6661be5d01c23 (land registry)
    DOWNLOADED: efx-creditreport-25102023 (1).pdf (327780 bytes)
    TEXT EXISTS: Credit Report 2023_18b6661be5d01c23.txt
[88/715] ID=18bfdf3048cb6441 (BP vs Buckler)
    TEXT EXISTS: Hi_18bfdf3048cb6441.txt
[89/715] ID=18c96d7c6a1936ce (Llandough)
    DOWNLOADED: Official ESTA Application Website, U.S. Customs and Border Protection.pdf (122349 bytes)
    TEXT EXISTS: ESPA Application_18c96d7c6a1936ce.txt
[90/715] ID=18dc7857170f5ed0 (FOI)
    TEXT EXISTS: Automatic reply_ Enquiry_18dc7857170f5ed0.txt
[91/715] ID=18dc7f4ffefa8638 (FOI)
    TEXT EXISTS: RE_ Enquiry_18dc7f4ffefa8638.txt
[92/715] ID=18dd698b0b40f4a3 (Great House Farm, Llandough, BP vs Buckler)
    TEXT EXISTS: Re_ Robin Hill for Hywel_18dd698b0b40f4a3.txt
[93/715] ID=18ddbceab5190d80 (Great House Farm, Llandough, BP vs Buckler)
[94/715] ID=18ddc507875995f8 (Great House Farm, Llandough, BP vs Buckler)
    TEXT EXISTS: Re_ Robin Hill for Hywel_18ddc507875995f8.txt
[95/715] ID=18e0f80d3443cbaf (FOI)
    DOWNLOADED: IMG_20240305_163751 (1).pdf (208007 bytes)
    TEXT EXISTS: FOIR - Incident 1235 05_03_2024_18e0f80d3443cbaf.txt
[96/715] ID=18e12f63f8f450dc (FOI)
    EXISTS: IMG_20240305_163751 (1).pdf
    TEXT EXISTS: CCT01913_18e12f63f8f450dc.txt
[97/715] ID=18e130ed40ab6c5e (FOI)
    TEXT EXISTS: Re_ CCT01913_18e130ed40ab6c5e.txt
[98/715] ID=18e376c4eea572b7 (FOI)
    TEXT EXISTS: RE_ CCT01913_18e376c4eea572b7.txt
[99/715] ID=18f16e175df23803 (FOI)
    TEXT EXISTS: Freedom of Information Request - Sion Buckler_18f16e175df23803.txt
[100/715] ID=18f16e1e67e5db70 (FOI)
    TEXT EXISTS: Re_ TID [7760490] - Freedom of Information Request - Sion Buckler_18f16e1e67e5db70.txt
[101/715] ID=191e9401665bf62c (Great House Farm, Llandough, BP vs Buckler)
    DOWNLOADED: wwfm dsap - corporate structure - version 0.1.pdf (270428 bytes)
    DOWNLOADED: WWFM-DSAP IA - Business Case (v0.3) pages 1-7.pdf (5344231 bytes)
    DOWNLOADED: WWFM-DSAP Integrator Alliance - Business Case Finances - v1.5.pdf (50155 bytes)
    TEXT EXISTS: Action - WWFM SDAP Technology - Integrator Alliance_191e9401665bf62c.txt
[102/715] ID=191eaec766b6c2a9 (Great House Farm, Llandough, BP vs Buckler)
    EXISTS: wwfm dsap - corporate structure - version 0.1.pdf
    EXISTS: WWFM-DSAP IA - Business Case (v0.3) pages 1-7.pdf
    EXISTS: WWFM-DSAP Integrator Alliance - Business Case Finances - v1.5.pdf
    TEXT EXISTS: WWFM SDAP Technology - Integrator Alliance_191eaec766b6c2a9.txt
[103/715] ID=196019b7e1268ffd (Great House Farm, Llandough)
    TEXT EXISTS: Cardiff Development and Regeneration _ _Marconi__196019b7e1268ffd.txt
[104/715] ID=1962b285c076f9cd (FOI)
    TEXT EXISTS: Como foi a sua viagem_ _ How was your flight__1962b285c076f9cd.txt
[105/715] ID=1964ed4fc4cfd468 (land registry)
    TEXT EXISTS: The Post Most_ No route. No rules. All passion._1964ed4fc4cfd468.txt
[106/715] ID=19726c3ac1ffa163 (BP vs Buckler)
    TEXT EXISTS: Update - Sion Buckler_19726c3ac1ffa163.txt
[107/715] ID=19726c6ae0d06b63 (BP vs Buckler)
    TEXT EXISTS: Undeliverable_ Update - Sion Buckler_19726c6ae0d06b63.txt
[108/715] ID=19726cd80f5784eb (BP vs Buckler)
    TEXT EXISTS: Sion Buckler_19726cd80f5784eb.txt
[109/715] ID=197a09697b7a4cb0 (FOI)
    DOWNLOADED: UK_Watchlist_Report.pdf (3829 bytes)
    TEXT EXISTS: UK_Watchlist_Report.pdf_197a09697b7a4cb0.txt
[110/715] ID=197a557e691f1f65 (FOI, Great House Farm, Llandough, BP vs Buckler)
    DOWNLOADED: Whistleblower Declaration Sion Buckler (1).pdf (2112302 bytes)
    TEXT EXISTS: See Attached _ Whisleblow A_Sgt Buckler_197a557e691f1f65.txt
[111/715] ID=197a57ff7fd9674b (Great House Farm)
    DOWNLOADED: Whistleblower Declaration Sion Buckler (2).pdf (107418 bytes)
    TEXT EXISTS: See Attached _ Whisleblower_ A_Sgt Buckler_197a57ff7fd9674b.txt
[112/715] ID=197b4a20f7343bb9 (FOI)
    TEXT EXISTS: Confirm your FOI request to Ministry of Justice_197b4a20f7343bb9.txt
[113/715] ID=197b4a39099ffb34 (FOI, BP vs Buckler)
    TEXT EXISTS: New response to your FOI request - BP vs Buckler 1987_197b4a39099ffb34.txt
[114/715] ID=19817a6cb436b5f4 (FOI, BP vs Buckler)
    TEXT EXISTS: New response to your FOI request - BP vs Buckler 1987_19817a6cb436b5f4.txt
[115/715] ID=198226414cd440f4 (FOI)
    TEXT EXISTS: Epping is a warning of what’s to come_198226414cd440f4.txt
[116/715] ID=1982bae6636ba5ad (BP vs Buckler)
    TEXT EXISTS: Please update the status of your request - BP vs Buckler 1987_1982bae6636ba5ad.txt
[117/715] ID=1984726827e44066 (Great House Farm, Llandough)
    DOWNLOADED: Great House Farm Reboot.pdf (75103 bytes)
    TEXT EXISTS: Re_ Grok 4 assesment of my tech_1984726827e44066.txt
[118/715] ID=1984729b7dcf447b (Great House Farm, Llandough, BP vs Buckler)
    EXISTS: Great House Farm Reboot.pdf
    TEXT EXISTS: Re_ GW Invest _ Two Live Investment Opportunities_ AI in Insurance & HR-Tech in Education_1984729b7dcf447b.txt
[119/715] ID=198472c2987d4057 (Great House Farm, Llandough, BP vs Buckler)
    EXISTS: Great House Farm Reboot.pdf
    TEXT EXISTS: Fwd_ GW Invest _ Two Live Investment Opportunities_ AI in Insurance & HR-Tech in Education_198472c2987d4057.txt
[120/715] ID=1984d0da3e51d688 (Great House Farm, Llandough, BP vs Buckler)
    DOWNLOADED: Green Zone - Buffer Zone - UK - 1.0 (2).pdf (4101180 bytes)
    DOWNLOADED: MARDELLJoshuaDepositCopyThesisMarch2019.pdf (17541228 bytes)
    TEXT EXISTS: Green Line - Buffer Zone_1984d0da3e51d688.txt
[121/715] ID=1984daf43ec09935 (Great House Farm, Llandough, BP vs Buckler)
    EXISTS: Green Zone - Buffer Zone - UK - 1.0 (2).pdf
    EXISTS: MARDELLJoshuaDepositCopyThesisMarch2019.pdf
    TEXT EXISTS: Green Line - Buffer Zone_1984daf43ec09935.txt
[122/715] ID=1984fa6453d695a9 (FOI)
    TEXT EXISTS: A survey about your recent Freedom of Information request_1984fa6453d695a9.txt
[123/715] ID=1984fce332930f9f (BP vs Buckler)
    TEXT EXISTS: Please update the status of your request - BP vs Buckler 1987_1984fce332930f9f.txt
[124/715] ID=19852e02278f0ba1 (Great House Farm, Llandough, BP vs Buckler)
    DOWNLOADED: Green Zone - Buffer Zone - UK - 1.1.pdf (4087115 bytes)
    TEXT EXISTS: New Defence 'Green Line_ Buffer Zone' in Great Britain_19852e02278f0ba1.txt
[125/715] ID=19852e7be3cb8a92 (Great House Farm, Llandough, BP vs Buckler)
    EXISTS: Green Zone - Buffer Zone - UK - 1.1.pdf
    DOWNLOADED: MARDELLJoshuaDepositCopyThesisMarch2019 (1).pdf (17541228 bytes)
    TEXT EXISTS: New Defence 'Green Line_ Buffer Zone' in Great Britain_19852e7be3cb8a92.txt
[126/715] ID=19852fe726af6f77 (Great House Farm, Llandough, BP vs Buckler)
    EXISTS: Green Zone - Buffer Zone - UK - 1.1.pdf
    EXISTS: MARDELLJoshuaDepositCopyThesisMarch2019 (1).pdf
    TEXT EXISTS: New Defence 'Green Line_ Buffer Zone' in Great Britain_19852fe726af6f77.txt
[127/715] ID=1985d49c7b4409e6 (BP vs Buckler)
    TEXT EXISTS: Veteran Housing Report_1985d49c7b4409e6.txt
[128/715] ID=19873a3c73c8d760 (FOI)
    TEXT EXISTS: Labour is pushing the UK into civil unrest_19873a3c73c8d760.txt
[129/715] ID=19897fa4724ac94f (BP vs Buckler)
    TEXT EXISTS: Please update the status of your request - BP vs Buckler 1987_19897fa4724ac94f.txt
[130/715] ID=198e054ebeee608d (Great House Farm, Llandough, BP vs Buckler)
    TEXT EXISTS: Communication concerning the destruction of Great House Farm, Llandough (Wales), displacement of the_198e054ebeee608d.txt
[131/715] ID=198e05559953ad91 (Great House Farm, Llandough, BP vs Buckler)
    TEXT EXISTS: Undeliverable_ Communication concerning the destruction of Great House Farm, Llandough (Wales), disp_198e05559953ad91.txt
[132/715] ID=199162b5fbd2aa05 (BP vs Buckler)
    TEXT EXISTS: BP vs Buckler 1987_199162b5fbd2aa05.txt
[133/715] ID=199b2b494baeddc3 (land registry, Great House Farm, Llandough)
    TEXT EXISTS: Great House Farm, Llandough_199b2b494baeddc3.txt
[134/715] ID=199b2b4d4f23f828 (Great House Farm, Llandough)
    TEXT EXISTS: Thank you for your email to the Guardian letters desk Re_ Great House Farm, Llandough_199b2b4d4f23f828.txt
[135/715] ID=199b31946d71f259 (FOI)
    TEXT EXISTS: Confirm your FOI request to Prime Minister&#39;s Office_199b31946d71f259.txt
[136/715] ID=199b31a08e4e4b0a (FOI)
    TEXT EXISTS: New response to your FOI request - Legal Challenge for Digital ID_199b31a08e4e4b0a.txt
[137/715] ID=199b5f50e0da231e (land registry, Great House Farm, Llandough)
    TEXT EXISTS: Re_ Great House Farm, Llandough_199b5f50e0da231e.txt
[138/715] ID=199b61131867c797 (land registry, Great House Farm, Llandough)
    TEXT EXISTS: Re_ Great House Farm, Llandough_199b61131867c797.txt
[139/715] ID=199b64206d08d216 (land registry, Great House Farm, Llandough)
    TEXT EXISTS: Re_ Great House Farm, Llandough_199b64206d08d216.txt
[140/715] ID=199b678fdb7f2694 (land registry, Great House Farm, Llandough)
    TEXT EXISTS: Re_ Great House Farm, Llandough_199b678fdb7f2694.txt
[141/715] ID=19a0062c76c06b68 (FOI)
    TEXT EXISTS: Why won't they talk about these crimes__19a0062c76c06b68.txt
[142/715] ID=19a2d116442247c8 (BP vs Buckler)
    TEXT EXISTS: BP vs Buckler 1987 - Documentary_19a2d116442247c8.txt
[143/715] ID=19a2d11a22550d0c (BP vs Buckler)
    TEXT EXISTS: Thanks for reaching out Re_ BP vs Buckler 1987 - Documentary_19a2d11a22550d0c.txt
[144/715] ID=19a2d11a307d74be (BP vs Buckler)
    TEXT EXISTS: Thank you for your email Re_ BP vs Buckler 1987 - Documentary_19a2d11a307d74be.txt
[145/715] ID=19a2d11a397e0284 (BP vs Buckler)
    TEXT EXISTS: Thank You for Reaching Out to Sundance Institute Re_ BP vs Buckler 1987 - Documentary_19a2d11a397e0284.txt
[146/715] ID=19a2d11a5e4acde2 (BP vs Buckler)
    TEXT EXISTS: Thank you for reaching out! Re_ BP vs Buckler 1987 - Documentary_19a2d11a5e4acde2.txt
[147/715] ID=19a2f4b11226eb4f (BP vs Buckler)
    TEXT EXISTS: RE_ BP vs Buckler 1987 - Documentary_19a2f4b11226eb4f.txt
[148/715] ID=19a300e750356834 (BP vs Buckler)
    TEXT EXISTS: Re_ BP vs Buckler 1987 - Documentary_19a300e750356834.txt
[149/715] ID=19a3081c82f9c360 (BP vs Buckler)
    TEXT EXISTS: Re_ BP vs Buckler 1987 - Documentary_19a3081c82f9c360.txt
[150/715] ID=19a310bac5fe1961 (BP vs Buckler)
    TEXT EXISTS: Re_ BP vs Buckler 1987 - Documentary_19a310bac5fe1961.txt
[151/715] ID=19a3e0b830825d77 (FOI)
    TEXT EXISTS: Delayed response to your FOI request - Legal Challenge for Digital ID_19a3e0b830825d77.txt
[152/715] ID=19a3f47c7c55a9da (FOI)
    TEXT EXISTS: New response to your FOI request - Legal Challenge for Digital ID_19a3f47c7c55a9da.txt
[153/715] ID=19a4660d273c5b0e (FOI)
    TEXT EXISTS: Planning inspectorate - This email address is no longer monitored_19a4660d273c5b0e.txt
[154/715] ID=19a4660d6510cf11 (FOI)
    TEXT EXISTS: Automatic reply_ Enquiry re potential acquiring authority route – former family farmland (BP v Buckl_19a4660d6510cf11.txt
[155/715] ID=19a4aaa0df156b26 (FOI)
    TEXT EXISTS: New response to your FOI request - Legal Challenge for Digital ID_19a4aaa0df156b26.txt
[156/715] ID=19a52991304d8340 (Great House Farm, Llandough)
    TEXT EXISTS: BP Properties Ltd v Buckler – Request for Opinion (Limitation Act 1980 s.32)_19a52991304d8340.txt
[157/715] ID=19a529945e0d7fd9 (Great House Farm, Llandough)
    TEXT EXISTS: Delivery Status Notification (Failure)_19a529945e0d7fd9.txt
[158/715] ID=19a7781899a3d15d (BP vs Buckler)
    TEXT EXISTS: BP vs Buckler 1987 [Incident_ 251111-000063]_19a7781899a3d15d.txt
[159/715] ID=19a826918b90ec23 (Great House Farm, Llandough, BP vs Buckler)
    DOWNLOADED: Buckler_Final_All_In_One_Report.pdf (8290 bytes)
    TEXT EXISTS: BP vs Buckler_19a826918b90ec23.txt
[160/715] ID=19a8269a244647d6 (BP vs Buckler)
    TEXT EXISTS: Automatic reply_ BP vs Buckler_19a8269a244647d6.txt
[161/715] ID=19a8269a3f41e059 (BP vs Buckler)
    TEXT EXISTS: Automatic reply_ BP vs Buckler_19a8269a3f41e059.txt
[162/715] ID=19a839ce79a63f15 (Great House Farm, Llandough, BP vs Buckler)
    TEXT EXISTS: Re_ BP vs Buckler_19a839ce79a63f15.txt
[163/715] ID=19a86463eaaecac0 (Great House Farm, Llandough, BP vs Buckler)
    TEXT EXISTS: Re_ BP vs Buckler_19a86463eaaecac0.txt
[164/715] ID=19a91417017e8d06 (Great House Farm, Llandough, BP vs Buckler)
    EXISTS: Buckler_Final_All_In_One_Report.pdf
    TEXT EXISTS: FW_ BP vs Buckler_19a91417017e8d06.txt
[165/715] ID=19a9226114385268 (Great House Farm, Llandough, BP vs Buckler)
    TEXT EXISTS: RE_ BP vs Buckler_19a9226114385268.txt
[166/715] ID=19aa03599a014706 (Great House Farm, Llandough, BP vs Buckler)
    TEXT EXISTS: RE_ BP vs Buckler_19aa03599a014706.txt
[167/715] ID=19aa06e3e76cafb5 (Great House Farm, Llandough, BP vs Buckler)
    TEXT EXISTS: Re_ BP vs Buckler_19aa06e3e76cafb5.txt
[168/715] ID=19aa4596c67b6318 (Great House Farm, Llandough, BP vs Buckler)
    TEXT EXISTS: Enquiry Ref_ Marconi and Buckler Family_19aa4596c67b6318.txt
[169/715] ID=19aa45b55846bb4e (Great House Farm, Llandough, BP vs Buckler)
    TEXT EXISTS: Delivery Status Notification_19aa45b55846bb4e.txt
[170/715] ID=19aaeb8430801b4c (BP vs Buckler)
    TEXT EXISTS: Welcome to UTA Speakers – We've received your speaker request!_19aaeb8430801b4c.txt
[171/715] ID=19ab140a8f4f1727 (Great House Farm, Llandough, BP vs Buckler)
    TEXT EXISTS: Re_ BP vs Buckler_19ab140a8f4f1727.txt
[172/715] ID=19ac0350c6c1fde3 (Great House Farm, Llandough, BP vs Buckler)
    DOWNLOADED: LES16 Price List 2025.pdf (217630 bytes)
    TEXT EXISTS: RC25-0464 - Information related to Great House Farm, Llandough_19ac0350c6c1fde3.txt
[173/715] ID=19ac0e7a8647756d (Great House Farm, Llandough, BP vs Buckler)
    EXISTS: LES16 Price List 2025.pdf
    TEXT EXISTS: Fwd_ RC25-0464 - Information related to Great House Farm, Llandough_19ac0e7a8647756d.txt
[174/715] ID=19ac0ef3af79f19e (Great House Farm, Llandough, BP vs Buckler)
    TEXT EXISTS: Re_ RC25-0464 - Information related to Great House Farm, Llandough_19ac0ef3af79f19e.txt
[175/715] ID=19ade5b562585e26 (BP vs Buckler)
    TEXT EXISTS: BP vs Buckler 1987 [Incident_ 251111-000063]_19ade5b562585e26.txt
[176/715] ID=19af5026d3b6025a (FOI)
    TEXT EXISTS: Ref_ Martin Morgan & DATRO_ NDA_19af5026d3b6025a.txt
[177/715] ID=19af502d091ad0b1 (FOI)
    TEXT EXISTS: We have received your email. Rydym wedi derbyn eich ebost_19af502d091ad0b1.txt
[178/715] ID=19af502db8d65cf6 (FOI)
    TEXT EXISTS: Home Office Freedom of Information Requests_19af502db8d65cf6.txt
[179/715] ID=19af502e01b9f93e (FOI)
    TEXT EXISTS: Automatic reply_ Ref_ Martin Morgan & DATRO_ NDA_19af502e01b9f93e.txt
[180/715] ID=19af529ae7c54de7 (FOI)
    TEXT EXISTS: Ref_ Martin Morgan & DATRO_ NDA_19af529ae7c54de7.txt
[181/715] ID=19af7da5434c4e2b (FOI)
    TEXT EXISTS: RE_ Ref_ Martin Morgan & DATRO_ NDA_19af7da5434c4e2b.txt
[182/715] ID=19af8cc5ec986f52 (FOI)
    TEXT EXISTS: Re_ Ref_ Martin Morgan & DATRO_ NDA_19af8cc5ec986f52.txt
[183/715] ID=19af9d19ab4ca846 (FOI)
    TEXT EXISTS: RE_ Ref_ Martin Morgan & DATRO_ NDA_19af9d19ab4ca846.txt
[184/715] ID=19afa458f2fb3a9f (FOI, BP vs Buckler)
    TEXT EXISTS: Re_ Ref_ Martin Morgan & DATRO_ NDA_19afa458f2fb3a9f.txt
[185/715] ID=19afce0a5468be8a (FOI, BP vs Buckler)
    TEXT EXISTS: RE_ Ref_ Martin Morgan & DATRO_ NDA_19afce0a5468be8a.txt
[186/715] ID=19afd393d8f11b22 (FOI)
    TEXT EXISTS: RE_ Ref_ Martin Morgan & DATRO_ NDA_19afd393d8f11b22.txt
[187/715] ID=19afdf7af4e5fdd9 (Llandough, BP vs Buckler)
    TEXT EXISTS: Re_ WCR Website Enquiry_19afdf7af4e5fdd9.txt
[188/715] ID=19afe08731bfd877 (FOI)
    TEXT EXISTS: Ref_ Martin Morgan & DATRO_ NDA_19afe08731bfd877.txt
[189/715] ID=19afe08d487d1cee (FOI)
    TEXT EXISTS: Re_ Ref_ Martin Morgan & DATRO_ NDA_19afe08d487d1cee.txt
[190/715] ID=19afe0b3ff594a4d (FOI)
    TEXT EXISTS: Re_ Ref_ Martin Morgan & DATRO_ NDA_19afe0b3ff594a4d.txt
[191/715] ID=19afe3c0ff1c355e (Great House Farm, Llandough, BP vs Buckler)
    TEXT EXISTS: RE_ [EXTERNAL] Re_ WCR Website Enquiry_19afe3c0ff1c355e.txt
[192/715] ID=19afe400a1ec4f77 (FOI)
    TEXT EXISTS: Re_ Ref_ Martin Morgan & DATRO_ NDA_19afe400a1ec4f77.txt
[193/715] ID=19afe40f298e11f2 (Llandough, BP vs Buckler)
    TEXT EXISTS: Re_ [EXTERNAL] Re_ WCR Website Enquiry_19afe40f298e11f2.txt
[194/715] ID=19afe416d93afce6 (FOI, BP vs Buckler)
    TEXT EXISTS: Re_ Ref_ Martin Morgan & DATRO_ NDA_19afe416d93afce6.txt
[195/715] ID=19afe8668951ed6c (FOI)
    TEXT EXISTS: FAO_ Chief Constable Paul Sanford_19afe8668951ed6c.txt
[196/715] ID=19afee02cba24d4e (FOI)
    TEXT EXISTS: RE_ FAO_ Chief Constable Paul Sanford_19afee02cba24d4e.txt
[197/715] ID=19afee2a65784565 (FOI)
    TEXT EXISTS: FAO_ Chief Constable Paul Sanford_19afee2a65784565.txt
[198/715] ID=19b0092c7c6d0fd8 (FOI, BP vs Buckler)
    TEXT EXISTS: RE_ Ref_ Martin Morgan & DATRO_ NDA_19b0092c7c6d0fd8.txt
[199/715] ID=19b0098bfe32be1b (FOI, BP vs Buckler)
    TEXT EXISTS: Re_ Ref_ Martin Morgan & DATRO_ NDA_19b0098bfe32be1b.txt
[200/715] ID=19b00c56bdea87d6 (FOI)
    TEXT EXISTS: Ref_ Martin Morgan_19b00c56bdea87d6.txt
[201/715] ID=19b00c5c62209728 (FOI)
    TEXT EXISTS: We have received your email. Rydym wedi derbyn eich ebost_19b00c5c62209728.txt
[202/715] ID=19b00c5e791d4069 (FOI)
    TEXT EXISTS: Home Office Freedom of Information Requests_19b00c5e791d4069.txt
[203/715] ID=19b03717dfcd2b85 (Great House Farm, Llandough, BP vs Buckler)
    TEXT EXISTS: RE_ [EXTERNAL] Re_ WCR Website Enquiry_19b03717dfcd2b85.txt
[204/715] ID=19b03895b69b1c09 (Llandough, BP vs Buckler)
    TEXT EXISTS: Re_ [EXTERNAL] Re_ WCR Website Enquiry_19b03895b69b1c09.txt
[205/715] ID=19b05a12197d5fef (FOI)
    TEXT EXISTS: Martin Morgans Damnation Committee_19b05a12197d5fef.txt
[206/715] ID=19b05a32a91c3244 (FOI)
    TEXT EXISTS: We have received your email. Rydym wedi derbyn eich ebost_19b05a32a91c3244.txt
[207/715] ID=19b05a348d4faa77 (FOI)
    TEXT EXISTS: Home Office Freedom of Information Requests_19b05a348d4faa77.txt
[208/715] ID=19b05e4b976e3dd5 (FOI)
    TEXT EXISTS: RE_ Martin Morgans Damnation Committee_19b05e4b976e3dd5.txt
[209/715] ID=19b06d605267b364 (FOI)
    TEXT EXISTS: Re_ Martin Morgan_ UPDATE_19b06d605267b364.txt
[210/715] ID=19b06d88d7850d2f (FOI)
    TEXT EXISTS: Home Office Freedom of Information Requests_19b06d88d7850d2f.txt
[211/715] ID=19b06d8927284966 (FOI)
    TEXT EXISTS: We have received your email. Rydym wedi derbyn eich ebost_19b06d8927284966.txt
[212/715] ID=19b06f2c737ffef2 (FOI)
    TEXT EXISTS: RE_ Martin Morgan_ UPDATE_19b06f2c737ffef2.txt
[213/715] ID=19b075a7f750a496 (FOI)
    TEXT EXISTS: Re_ Martin Morgan_ UPDATE_19b075a7f750a496.txt
[214/715] ID=19b077cc2cb6fe76 (FOI)
    TEXT EXISTS: RE_ Martin Morgan_ UPDATE_19b077cc2cb6fe76.txt
[215/715] ID=19b07b7e998076bd (FOI)
    TEXT EXISTS: RE_ Martin Morgans Damnation Committee_19b07b7e998076bd.txt
[216/715] ID=19b092be3efebc46 (FOI)
    TEXT EXISTS: Re_ Martin Morgan_ UPDATE_19b092be3efebc46.txt
[217/715] ID=19b0aac62ef83c21 (FOI)
    TEXT EXISTS: RE_ Martin Morgan_ UPDATE_19b0aac62ef83c21.txt
[218/715] ID=19b0b83ff4162101 (BP vs Buckler)
    TEXT EXISTS: Re_ URGENT Safeguarding Concern_ Witness Tampering - Martin Morgan_19b0b83ff4162101.txt
[219/715] ID=19b21c2bad81d2a0 (FOI)
    TEXT EXISTS: FW_ Martin Morgan_ UPDATE_19b21c2bad81d2a0.txt
[220/715] ID=19b2951c5322917b (BP vs Buckler)
    TEXT EXISTS: Martin Morgan_19b2951c5322917b.txt
[221/715] ID=19b2f0058ef13a7c (FOI)
    TEXT EXISTS: We have received your email. Rydym wedi derbyn eich ebost_19b2f0058ef13a7c.txt
[222/715] ID=19b3f3ea5f99c26f (Great House Farm, Llandough, BP vs Buckler)
    TEXT EXISTS: BP vs Buckler 1987 - Great House Farm 2.0_19b3f3ea5f99c26f.txt
[223/715] ID=19b3f49085e4a005 (Great House Farm, Llandough, BP vs Buckler)
    TEXT EXISTS: Fwd_ BP vs Buckler 1987 - Great House Farm 2.0_19b3f49085e4a005.txt
[224/715] ID=19b4bcae026b0a3a (FOI)
    TEXT EXISTS: Information Request - BP Properties Ltd v Buckler (1987) - Request Reference 00209998_19b4bcae026b0a3a.txt
[225/715] ID=19b4d56cf360e7aa (FOI)
    TEXT EXISTS: Re_ Information Request - BP Properties Ltd v Buckler (1987) - Request Reference 00209998_19b4d56cf360e7aa.txt
[226/715] ID=19b9ea308430cc4c (Llandough)
    TEXT EXISTS: Geodesic Domes_19b9ea308430cc4c.txt
[227/715] ID=19bc5168b3c427e9 (Great House Farm, Llandough, BP vs Buckler)
    TEXT EXISTS: Fwd_ FW_ BP vs Buckler_19bc5168b3c427e9.txt
[228/715] ID=19bd56af4a68d3b9 (FOI)
    TEXT EXISTS: What They Don’t Want You to See_19bd56af4a68d3b9.txt
[229/715] ID=19beaed885848f36 (FOI, Great House Farm, BP vs Buckler)
    TEXT EXISTS: BP vs Buckler 1987 - FOI Request_19beaed885848f36.txt
[230/715] ID=19beaedb790c0680 (FOI)
    TEXT EXISTS: Delivery Status Notification (Failure)_19beaedb790c0680.txt
[231/715] ID=19beafd61d90c1c8 (Great House Farm)
    TEXT EXISTS: Request for Independent Academic Opinion on Lost Welsh Heritage Site_19beafd61d90c1c8.txt
[232/715] ID=19beb10aa0118506 (FOI, Llandough, BP vs Buckler)
    TEXT EXISTS: Marconi_19beb10aa0118506.txt
[233/715] ID=19c0355441d65c0a (FOI)
    TEXT EXISTS: Confirm your FOI request to HM Courts and Tribunals Service_19c0355441d65c0a.txt
[234/715] ID=19c035a275e5a494 (FOI)
    TEXT EXISTS: New response to your FOI request - Freedom of Information Request – Administrative Records for BP Pr_19c035a275e5a494.txt
[235/715] ID=19c03adce0cc91d5 (FOI)
    TEXT EXISTS: New response to your FOI request - Freedom of Information Request – Administrative Records for BP Pr_19c03adce0cc91d5.txt
[236/715] ID=19c0968af71d61f9 (land registry, BP vs Buckler)
    TEXT EXISTS: Application to Record or Rectify Interest Omitted at First Registration_19c0968af71d61f9.txt
[237/715] ID=19c1270aaa478aaf (land registry)
    TEXT EXISTS: Request for review of potential irregularities in 1982 land registration_19c1270aaa478aaf.txt
[238/715] ID=19c1274015b09e39 (BP vs Buckler)
    TEXT EXISTS: BP vs Buckler 1987_19c1274015b09e39.txt
[239/715] ID=19c1275119c4cf98 (BP vs Buckler)
    TEXT EXISTS: BP vs Buckler 1987_19c1275119c4cf98.txt
[240/715] ID=19c12761d48f754e (BP vs Buckler)
    TEXT EXISTS: BP vs Buckler 1987_19c12761d48f754e.txt
[241/715] ID=19c12783b66da068 (BP vs Buckler)
    TEXT EXISTS: BP vs Buckler 1987 - Request for academic perspective on historical land registration_legal title is_19c12783b66da068.txt
[242/715] ID=19c127d293d6381c (BP vs Buckler)
    TEXT EXISTS: BP vs Buckler 1987_19c127d293d6381c.txt
[243/715] ID=19c127d74cd3387a (BP vs Buckler)
    TEXT EXISTS: Mail Delivery Failure_19c127d74cd3387a.txt
[244/715] ID=19c1293a204d5aba (Great House Farm, Llandough, BP vs Buckler)
    TEXT EXISTS: BP v Buckler 1987 and the 1982 land registration of Great House Farm, Llandough (now Church View Clo_19c1293a204d5aba.txt
[245/715] ID=19c1293f5716aee8 (FOI)
    TEXT EXISTS: Planning inspectorate - This email address is no longer monitored_19c1293f5716aee8.txt
[246/715] ID=19c12964f193ab9b (BP vs Buckler)
    TEXT EXISTS: Historical land governance concern relating to registration process_19c12964f193ab9b.txt
[247/715] ID=19c1298f79be7ac8 (BP vs Buckler)
    TEXT EXISTS: Information note_ reliance on historical land registration by public bodies_19c1298f79be7ac8.txt
[248/715] ID=19c129b2c9b6885d (BP vs Buckler)
    TEXT EXISTS: Notification of legal coherence concern across related decisions_19c129b2c9b6885d.txt
[249/715] ID=19c129c2c9c4e8b0 (BP vs Buckler)
    TEXT EXISTS: BP vs Buckler 1987_19c129c2c9c4e8b0.txt
[250/715] ID=19c129e305c94717 (BP vs Buckler)
    TEXT EXISTS: Historical conveyancing and registration process concern - BP vs Buckler 1987_19c129e305c94717.txt
[251/715] ID=19c12a1b5c48b53b (BP vs Buckler)
    TEXT EXISTS: Concern regarding historical record following disputed land dispossession_19c12a1b5c48b53b.txt
[252/715] ID=19c12aff0d09009f (land registry, Great House Farm, Llandough, BP vs Buckler)
    TEXT EXISTS: Systemic governance concern regarding historic land registration and administrative reliance - BP vs_19c12aff0d09009f.txt
[253/715] ID=19c12b0647dafb1f (land registry, BP vs Buckler)
    TEXT EXISTS: Automatic reply_ Systemic governance concern regarding historic land registration and administrative_19c12b0647dafb1f.txt
[254/715] ID=19c181e18b3a6ad4 (FOI)
    TEXT EXISTS: Please update the status of your request - Freedom of Information Request – Administrative Records f_19c181e18b3a6ad4.txt
[255/715] ID=19c18ddabaa11323 (land registry, Great House Farm, Llandough, BP vs Buckler)
    TEXT EXISTS: Cais am Ddeiseb ac Ymchwiliad Cyhoeddus_ Achos Buckler v BP (1987) a Dinistr Great House Farm, Lland_19c18ddabaa11323.txt
[256/715] ID=19c18e1c1372897b (land registry, Great House Farm, Llandough, BP vs Buckler)
    TEXT EXISTS: Cais am Ddeiseb ac Ymchwiliad Cyhoeddus_ Achos Buckler v BP (1987) a Dinistr Great House Farm, Lland_19c18e1c1372897b.txt
[257/715] ID=19c18e247be89104 (Great House Farm, Llandough, BP vs Buckler)
    TEXT EXISTS: Automatic reply_ Cais am Ddeiseb ac Ymchwiliad Cyhoeddus_ Achos Buckler v BP (1987) a Dinistr Great _19c18e247be89104.txt
[258/715] ID=19c18e2537830a12 (Great House Farm, Llandough, BP vs Buckler)
    TEXT EXISTS: Automatic reply_ Cais am Ddeiseb ac Ymchwiliad Cyhoeddus_ Achos Buckler v BP (1987) a Dinistr Great _19c18e2537830a12.txt
[259/715] ID=19c191ed7af05663 (Great House Farm, Llandough, BP vs Buckler)
    TEXT EXISTS: Re_ Automatic reply_ Cais am Ddeiseb ac Ymchwiliad Cyhoeddus_ Achos Buckler v BP (1987) a Dinistr Gr_19c191ed7af05663.txt
[260/715] ID=19c191f9240069de (Great House Farm, Llandough, BP vs Buckler)
    TEXT EXISTS: Automatic reply_ Automatic reply_ Cais am Ddeiseb ac Ymchwiliad Cyhoeddus_ Achos Buckler v BP (1987)_19c191f9240069de.txt
[261/715] ID=19c1e3b122702321 (land registry)
    TEXT EXISTS: Further to Your Enquiry_ Ref_ 260202-5732372_19c1e3b122702321.txt
[262/715] ID=19c275e8646cb4ff (land registry, Great House Farm, Llandough, BP vs Buckler)
    TEXT EXISTS: Cais am Ddeiseb ac Ymchwiliad Cyhoeddus_ Achos Buckler v BP (1987) a Dinistr Great House Farm, Lland_19c275e8646cb4ff.txt
[263/715] ID=19c275f80403b88b (Great House Farm, Llandough, BP vs Buckler)
    TEXT EXISTS: Automatic reply_ Cais am Ddeiseb ac Ymchwiliad Cyhoeddus_ Achos Buckler v BP (1987) a Dinistr Great _19c275f80403b88b.txt
[264/715] ID=19c27ae3aaeaf7dc (land registry, Great House Farm, Llandough, BP vs Buckler)
    TEXT EXISTS: BP vs Buckler_ Great House Farm, Llandough_19c27ae3aaeaf7dc.txt
[265/715] ID=19c2d9ad52d01ba8 (land registry, Great House Farm, Llandough, BP vs Buckler)
    TEXT EXISTS: RE_ Systemic governance concern regarding historic land registration and administrative reliance - B_19c2d9ad52d01ba8.txt
[266/715] ID=19c2e8113b6f02ae (land registry, Great House Farm, Llandough, BP vs Buckler)
    TEXT EXISTS: Re_ Systemic governance concern regarding historic land registration and administrative reliance - B_19c2e8113b6f02ae.txt
[267/715] ID=19c2e818a0df4c17 (land registry, BP vs Buckler)
    TEXT EXISTS: Automatic reply_ Systemic governance concern regarding historic land registration and administrative_19c2e818a0df4c17.txt
[268/715] ID=19c2e81ae15b107e (land registry, FOI, BP vs Buckler)
    TEXT EXISTS: Automatic reply_ Systemic governance concern regarding historic land registration and administrative_19c2e81ae15b107e.txt
[269/715] ID=19c2e82f1ff07613 (land registry, BP vs Buckler)
    TEXT EXISTS: Automatic reply_ Systemic governance concern regarding historic land registration and administrative_19c2e82f1ff07613.txt
[270/715] ID=19c2eb817352740e (land registry, Great House Farm, Llandough, Mrs Williams, BP vs Buckler)
    DOWNLOADED: Great_House_Farm_Timeline.pdf (279114 bytes)
    TEXT EXISTS: Re_ FORMAL ALLEGATION OF FRAUD_ Ref_ 260202-5732372_19c2eb817352740e.txt
[271/715] ID=19c2eb88a28e298c (land registry, Great House Farm, Llandough, Mrs Williams, BP vs Buckler)
    EXISTS: Great_House_Farm_Timeline.pdf
    TEXT EXISTS: Undeliverable_ Re_ FORMAL ALLEGATION OF FRAUD_ Ref_ 260202-5732372_19c2eb88a28e298c.txt
[272/715] ID=19c3165a81d88775 (Great House Farm, Llandough, Mrs Williams, BP vs Buckler)
    DOWNLOADED: Great_House_Farm_Timeline (1) (1).pdf (476912 bytes)
    TEXT EXISTS: Formal Report of Suspected Indigenous Dispossession, Systemic Fraud, and Archaeological Suppression _19c3165a81d88775.txt
[273/715] ID=19c31666fc51033f (Great House Farm, Llandough, Mrs Williams, BP vs Buckler)
    TEXT EXISTS: RE_ Formal Report of Suspected Indigenous Dispossession, Systemic Fraud, and Archaeological Suppress_19c31666fc51033f.txt
[274/715] ID=19c326aa267f7b62 (land registry, Great House Farm, Llandough)
    TEXT EXISTS: Further to Your Enquiry_ Ref_ 260202-5732372 Title No_ WA231076_19c326aa267f7b62.txt
[275/715] ID=19c327f2179d7a53 (land registry, BP vs Buckler)
    TEXT EXISTS: Response to enquiry at The National Archives. Case number_ CAS-313954-Y6C0H3 CRM_052900508_19c327f2179d7a53.txt
[276/715] ID=19c3291eed1b9ac2 (land registry, Great House Farm, Llandough, BP vs Buckler)
    TEXT EXISTS: Re_ Response to enquiry at The National Archives. Case number_ CAS-313954-Y6C0H3 CRM_052900508_19c3291eed1b9ac2.txt
[277/715] ID=19c3310f1913521d (Great House Farm, Llandough)
    TEXT EXISTS: Response to National Archives case number CAS-313954-Y6C0H3 CRM_022601115_19c3310f1913521d.txt
[278/715] ID=19c3413d9e86e608 (land registry, Great House Farm, Llandough)
    TEXT EXISTS: Re_ Epexio contact us form submission_19c3413d9e86e608.txt
[279/715] ID=19c34268d62ceaef (Great House Farm, Llandough)
    TEXT EXISTS: Re_ Response to National Archives case number CAS-313954-Y6C0H3 CRM_022601115_19c34268d62ceaef.txt
[280/715] ID=19c37a34bda490f9 (land registry)
    TEXT EXISTS: Response to National Archives case number CAS-313954-Y6C0H3 CRM_022601127_19c37a34bda490f9.txt
[281/715] ID=19c392af3b35e690 (Great House Farm, Llandough, Mrs Williams, BP vs Buckler)
    TEXT EXISTS: FORMAL NOTICE_ Restorative Justice & Historical Record Correction - Great House Farm (Tŷ Mawr), Llan_19c392af3b35e690.txt
[282/715] ID=19c392bb3f86d870 (Great House Farm, Llandough)
    TEXT EXISTS: FORMAL NOTICE_ Restorative Justice & Historical Record Correction - Great House Farm (Tŷ Mawr), Llan_19c392bb3f86d870.txt
[283/715] ID=19c392bc41447ada (Great House Farm, Llandough, Mrs Williams, BP vs Buckler)
    TEXT EXISTS: Undeliverable_ FORMAL NOTICE_ Restorative Justice & Historical Record Correction - Great House Farm _19c392bc41447ada.txt
[284/715] ID=19c392bee1f76c73 (Great House Farm, Llandough, Mrs Williams, BP vs Buckler)
    TEXT EXISTS: Undeliverable_ FORMAL NOTICE_ Restorative Justice & Historical Record Correction - Great House Farm _19c392bee1f76c73.txt
[285/715] ID=19c3caf0152e9a02 (land registry, Great House Farm, Llandough)
    TEXT EXISTS: Re_ Response to National Archives case number CAS-313954-Y6C0H3 CRM_022601127_19c3caf0152e9a02.txt
[286/715] ID=19c3da250b4c7f03 (land registry, Great House Farm, Llandough, Mrs Williams)
    DOWNLOADED: Forensic Restitution Estimate _ 0.2.pdf (97775 bytes)
    TEXT EXISTS: Re_ Response to National Archives case number CAS-313954-Y6C0H3 CRM_022601127 _ Correction _  Forens_19c3da250b4c7f03.txt
[287/715] ID=19c3dadc6361e729 (Great House Farm, Llandough, Mrs Williams)
    DOWNLOADED: GHF Restitutionary Claim Forensic Evaluation_ v0.5.pdf (164335 bytes)
    TEXT SAVED: Great House Farm - Reperations  V0.5_19c3dadc6361e729.txt (27 chars)
[288/715] ID=19c4295a73f792b9 (Great House Farm, Llandough)
    TEXT SAVED: Sion Buckler . Nec Vi, Nec Clam, Nec Precario - Heir & Successor to Williams_ Buckler Dynasty, Lland_19c4295a73f792b9.txt (6322 chars)
[289/715] ID=19c467b58d15d1e4 (Llandough)
    TEXT SAVED: Potential Historical Milestone for Down Syndrome Advocacy  _19c467b58d15d1e4.txt (780 chars)
[290/715] ID=19c467b967708cd8 (Llandough)
    TEXT SAVED: Undeliverable_ Potential Historical Milestone for Down Syndrome Advocacy  _19c467b967708cd8.txt (12068 chars)
[291/715] ID=19c499fe309fe734 (land registry, Great House Farm, Llandough, BP vs Buckler)
    DOWNLOADED: Forensic_Evaluation_and_Restitutionary_Brief_Ty_Mawr_v0.6_clean.pdf (4728 bytes)
    TEXT SAVED: Formal Notice for Record_ Church View Close, Llandough _ BP vs Buckler 1987_19c499fe309fe734.txt (8618 chars)
[292/715] ID=19c4d9c7c1204ea5 (Llandough)
    TEXT SAVED: Re_ Epstein Files_ If this is what they're showing... imagine the rest_19c4d9c7c1204ea5.txt (7441 chars)
[293/715] ID=19c4e14cf7f57e01 (land registry, Great House Farm, Llandough, BP vs Buckler)
    EXISTS: Forensic_Evaluation_and_Restitutionary_Brief_Ty_Mawr_v0.6_clean.pdf
    TEXT SAVED: Formal Notice for Record_ Church View Close, Llandough, Vale of Glamorgan, Wales _ BP vs Buckler 198_19c4e14cf7f57e01.txt (8624 chars)
[294/715] ID=19c4e1ca5e36e9df (Llandough, BP vs Buckler)
    TEXT SAVED: Re_ FW_ Invoice payment update_19c4e1ca5e36e9df.txt (10862 chars)
[295/715] ID=19c514b4867efef3 (Llandough, BP vs Buckler)
    TEXT SAVED: RE_ FW_ Invoice payment update_19c514b4867efef3.txt (12638 chars)
[296/715] ID=19c518d0dc1811b7 (land registry, Great House Farm, Llandough)
    TEXT SAVED: RE_ FORMAL ALLEGATION OF FRAUD_ Ref_ 260202-5732372_19c518d0dc1811b7.txt (7850 chars)
[297/715] ID=19c54325bc89c594 (Great House Farm, Llandough, Mrs Williams)
    DOWNLOADED: Forensic Questions for the Court_Commission_ Ty Mawr (1).pdf (170597 bytes)
    TEXT SAVED: Diverst_19c54325bc89c594.txt (759 chars)
[298/715] ID=19c54a1773247a97 (Great House Farm, Llandough)
    DOWNLOADED: TyMawr_CrynodebGweithredol_v0.1 (1).pdf (8244 bytes)
    TEXT SAVED: Cais am Gyngor Cyfreithiol – Ty Mawr, Llandough_19c54a1773247a97.txt (1029 chars)
[299/715] ID=19c54fa40edcae86 (land registry, Great House Farm, Llandough, BP vs Buckler)
    DOWNLOADED: TyMawr_LitigationFunding_v0.1.pdf (8573 bytes)
    TEXT SAVED: Invitation for Funding Bid – Chancery Property Claim (Great House Farm)_19c54fa40edcae86.txt (1000 chars)
[300/715] ID=19c5736ed3cd49cf (land registry, Llandough)
    DOWNLOADED: Correspondence.pdf (181863 bytes)
    TEXT SAVED: Your Ref_ EDD Our Ref_ WA231076_A_216_LG_19c5736ed3cd49cf.txt (3008 chars)
[301/715] ID=19c574eae413fa69 (land registry)
    TEXT SAVED: Re_ Your Ref_ EDD Our Ref_ WA231076_A_216_LG_19c574eae413fa69.txt (3211 chars)
[302/715] ID=19c5754a7bd720ec (BP vs Buckler)
    TEXT SAVED: The Williams Family & Marconi Farm _ Ymholiad Cofnodion Teulu_ Teulu Williams a Fferm Marconi _ Cons_19c5754a7bd720ec.txt (2059 chars)
[303/715] ID=19c57ab035f122e9 (Great House Farm)
    TEXT SAVED: Great House Farm Reparations_19c57ab035f122e9.txt (2 chars)
[304/715] ID=19c584c76930a2d7 (land registry, Great House Farm, Llandough)
    TEXT SAVED: CAS-315609 CRM_009700964_19c584c76930a2d7.txt (13560 chars)
[305/715] ID=19c5b0fca783c34e (land registry, Great House Farm, Llandough)
    TEXT SAVED: Re_ CAS-315609 CRM_009700964_19c5b0fca783c34e.txt (14976 chars)
[306/715] ID=19c5b9fac64a3877 (Great House Farm, Llandough, BP vs Buckler)
    EXISTS: Forensic_Evaluation_and_Restitutionary_Brief_Ty_Mawr_v0.6_clean.pdf
    TEXT SAVED: Historic Adverse Possession Licence Interruption Cases (1950–2000)_19c5b9fac64a3877.txt (1932 chars)
[307/715] ID=19c5ba0aa46c8e87 (land registry, FOI)
    TEXT SAVED: Enquiry_  260214-5794105_19c5ba0aa46c8e87.txt (3141 chars)
[308/715] ID=19c63f949558570d (land registry, FOI, Great House Farm, Llandough)
    TEXT SAVED: Subject_ Freedom of Information Request - Ty Mawr (Great House), Llandough, near Penarth (1938-1987)_19c63f949558570d.txt (1736 chars)
[309/715] ID=19c67821e802f68d (land registry, Great House Farm, Llandough)
    EXISTS: Correspondence.pdf
    TEXT SAVED: Title Fraud and Procedural Concealment – Church View Close, Llandough (formerly Great House Farm_ _T_19c67821e802f68d.txt (4065 chars)
[310/715] ID=19c6782c59e0f10f (Great House Farm, Llandough)
    TEXT SAVED: Automatic reply_ Title Fraud and Procedural Concealment – Church View Close, Llandough (formerly Gre_19c6782c59e0f10f.txt (2593 chars)
[311/715] ID=19c6b8268892605e (land registry, Great House Farm, Llandough, BP vs Buckler)
    TEXT SAVED: RE_ Cais am Ddeiseb ac Ymchwiliad Cyhoeddus_ Achos Buckler v BP (1987) a Dinistr Great House Farm, L_19c6b8268892605e.txt (14592 chars)
[312/715] ID=19c6bcd68d9c4369 (Great House Farm, Llandough, BP vs Buckler)
    TEXT SAVED: Re_ Cais am Ddeiseb ac Ymchwiliad Cyhoeddus_ Achos Buckler v BP (1987) a Dinistr Great House Farm, L_19c6bcd68d9c4369.txt (4429 chars)
[313/715] ID=19c6c2622530b637 (Llandough, BP vs Buckler)
    TEXT SAVED: RE_ Historic Adverse Possession Licence Interruption Cases (1950-2000)_19c6c2622530b637.txt (5164 chars)
[314/715] ID=19c6c63a00ea0434 (Great House Farm, Llandough)
    TEXT SAVED: Re_ Historic Adverse Possession Licence Interruption Case(s)_19c6c63a00ea0434.txt (4626 chars)
[315/715] ID=19c6c8f9b47267cc (Great House Farm, Llandough)
    TEXT SAVED: RE_ [EXTERNAL] Cais am Gyngor Cyfreithiol – Ty Mawr, Llandough_19c6c8f9b47267cc.txt (2027 chars)
[316/715] ID=19c6cc8af29e3bda (Great House Farm, Llandough)
    TEXT SAVED: Re_ [EXTERNAL] Cais am Gyngor Cyfreithiol – Ty Mawr, Llandough_19c6cc8af29e3bda.txt (2349 chars)
[317/715] ID=19c70a11c608d131 (Great House Farm, Llandough)
    TEXT SAVED: RE_ Historic Adverse Possession Licence Interruption Case(s)_19c70a11c608d131.txt (6822 chars)
[318/715] ID=19c70ecab0d17a7f (Great House Farm, Llandough)
    TEXT SAVED: Re_ Historic Adverse Possession Licence Interruption Case(s)_19c70ecab0d17a7f.txt (8233 chars)
[319/715] ID=19c713bec9a58791 (land registry, Great House Farm, Llandough)
    TEXT SAVED: RE_ Epexio contact us form submission_19c713bec9a58791.txt (8966 chars)
[320/715] ID=19c717db8798b751 (FOI)
    TEXT SAVED: New response to your FOI request - Freedom of Information Request – Administrative Records for BP Pr_19c717db8798b751.txt (1219 chars)
[321/715] ID=19c71aafbad72973 (land registry, Great House Farm, Llandough)
    TEXT SAVED: Re_ Epexio contact us form submission_19c71aafbad72973.txt (10824 chars)
[322/715] ID=19c71cdbcbd7eb09 (land registry, Great House Farm, Llandough, BP vs Buckler)
    TEXT SAVED: Formal Notice for Record_ Church View Close, Llandough _ BP vs Buckler 1987_19c71cdbcbd7eb09.txt (11134 chars)
[323/715] ID=19c71df73d432ce4 (land registry, Great House Farm, Llandough, BP vs Buckler)
    TEXT SAVED: Re_ Formal Notice for Record_ Church View Close, Llandough _ BP vs Buckler 1987_19c71df73d432ce4.txt (14345 chars)
[324/715] ID=19c7525d110a1172 (land registry, Great House Farm, Llandough)
    TEXT SAVED: RE_ Epexio contact us form submission_19c7525d110a1172.txt (11507 chars)
[325/715] ID=19c7576c4533f573 (land registry, Great House Farm, Llandough)
    TEXT SAVED: Re_ Epexio contact us form submission_19c7576c4533f573.txt (12796 chars)
[326/715] ID=19c76a596b4d1317 (Great House Farm, Llandough)
    TEXT SAVED: RE_ Historic Adverse Possession Licence Interruption Case(s)_19c76a596b4d1317.txt (10655 chars)
[327/715] ID=19c7a478244bd3d1 (land registry, Great House Farm, Llandough)
    TEXT SAVED: RE_ Epexio contact us form submission_19c7a478244bd3d1.txt (13949 chars)
[328/715] ID=19c7a9385ea7f928 (Great House Farm, Llandough)
    EXISTS: TyMawr_CrynodebGweithredol_v0.1 (1).pdf
    TEXT SAVED:  Cais am Gyngor Cyfreithiol – Ty Mawr, Llandough_19c7a9385ea7f928.txt (7128 chars)
[329/715] ID=19c7bc811dcb8436 (land registry, Great House Farm, Llandough)
    TEXT SAVED: Re_ Epexio contact us form submission_19c7bc811dcb8436.txt (15281 chars)
[330/715] ID=19c7bccaa0b56245 (Llandough)
    TEXT SAVED: Re_ Cais am Gyngor Cyfreithiol – Ty Mawr, Llandough_19c7bccaa0b56245.txt (707 chars)
[331/715] ID=19c7f207d2fc7e98 (land registry)
    TEXT SAVED: Further to Your Enquiry_ Ref_ 260214-5794105_19c7f207d2fc7e98.txt (1480 chars)
[332/715] ID=19c8443dd5799f54 (FOI)
    TEXT SAVED: Please update the status of your request - Freedom of Information Request – Administrative Records f_19c8443dd5799f54.txt (1061 chars)
[333/715] ID=19c89b943b5257b0 (Great House Farm, Llandough, BP vs Buckler)
    TEXT SAVED: ATB_RE_ Cais am Ddeiseb ac Ymchwiliad Cyhoeddus_ Achos Buckler v BP (1987) a Dinistr Great House Far_19c89b943b5257b0.txt (4935 chars)
[334/715] ID=19c8a4a462ee229a (Llandough, BP vs Buckler)
    TEXT SAVED: RE_ Historic Adverse Possession Licence Interruption Cases (1950–2000)_19c8a4a462ee229a.txt (4195 chars)
[335/715] ID=19c8a7763f11a7fc (land registry, Great House Farm, Llandough)
    TEXT SAVED: RE_ Epexio contact us form submission_19c8a7763f11a7fc.txt (15889 chars)
[336/715] ID=19c908fa7cddd153 (land registry, Great House Farm, Llandough, BP vs Buckler)
    TEXT SAVED: RE_ Manor of Llandough - MDR Entries_19c908fa7cddd153.txt (17550 chars)
[337/715] ID=19c90bdf2c23a4ab (land registry, Great House Farm, Llandough, BP vs Buckler)
    TEXT SAVED: Re_ Manor of Llandough - MDR Entries_19c90bdf2c23a4ab.txt (18419 chars)
[338/715] ID=19c9496dba492283 (Great House Farm, Llandough, Mrs Williams, BP vs Buckler)
    TEXT SAVED: RE_ Formal Report of Suspected Indigenous Dispossession, Systemic Fraud, and Archaeological Suppress_19c9496dba492283.txt (11156 chars)
[339/715] ID=19c99538c709c80a (FOI)
    TEXT SAVED: New response to your FOI request - Freedom of Information Request – Administrative Records for BP Pr_19c99538c709c80a.txt (1219 chars)
[340/715] ID=19c9ac2605eea4c8 (Llandough)
    TEXT SAVED: Your ad was approved_19c9ac2605eea4c8.txt (20689 chars)
[341/715] ID=19c9b0d3fb9acdf1 (land registry, Great House Farm, Llandough, BP vs Buckler)
    TEXT SAVED: FW_ Manor of Llandough - MDR Entries_19c9b0d3fb9acdf1.txt (20759 chars)
[342/715] ID=19c9bf7738780100 (land registry, Great House Farm, Llandough, BP vs Buckler)
    TEXT SAVED: Re_ FW_ Manor of Llandough - MDR Entries_19c9bf7738780100.txt (25130 chars)
[343/715] ID=19c9f375f8329e95 (Great House Farm)
    TEXT SAVED: The National Archives Satisfaction Survey_19c9f375f8329e95.txt (3997 chars)
[344/715] ID=19ca41e0c247e19e (Llandough)
    TEXT SAVED: Sion, your profile photo was changed_19ca41e0c247e19e.txt (2612 chars)
[345/715] ID=19ca45229da4fb02 (Llandough)
    TEXT SAVED: Sion, your profile photo was changed_19ca45229da4fb02.txt (2604 chars)
[346/715] ID=19ca9541bbb4f9ce (Llandough)
    TEXT SAVED: You appeared in recent searches_19ca9541bbb4f9ce.txt (3099 chars)
[347/715] ID=19cafef5de68fadc (Llandough)
    TEXT SAVED: New device registration for Remember me_19cafef5de68fadc.txt (1913 chars)
[348/715] ID=19cb032f333322e6 (Llandough)
    TEXT SAVED: I want to connect_19cb032f333322e6.txt (4251 chars)
[349/715] ID=19cb277bb5f0e363 (Llandough)
    TEXT SAVED: Robin Jose replied to your comment._19cb277bb5f0e363.txt (3569 chars)
[350/715] ID=19cb41ce24e28ffe (land registry, Great House Farm, Llandough, BP vs Buckler)
    TEXT SAVED: RE_ FW_ Manor of Llandough - MDR Entries_19cb41ce24e28ffe.txt (28671 chars)
[351/715] ID=19cb4478c5e35287 (Llandough)
    TEXT SAVED: Sion, last week your posts reached 9 people!_19cb4478c5e35287.txt (2500 chars)
[352/715] ID=19cb4ef0ba6112d3 (Llandough)
    TEXT SAVED: David just messaged you_19cb4ef0ba6112d3.txt (2891 chars)
[353/715] ID=19cb558d87283e1b (Llandough)
    TEXT SAVED: Sion, add Bibek Bhandari - General Manager_19cb558d87283e1b.txt (5779 chars)
[354/715] ID=19cb6a1dcc50d187 (Llandough)
    TEXT SAVED: Craig Murney - Portfolio Director reacted to this post_ Recently I’ve been able to…_19cb6a1dcc50d187.txt (7779 chars)
[355/715] ID=19cb6d1cf7c77973 (Llandough)
    TEXT SAVED: David just messaged you_19cb6d1cf7c77973.txt (2884 chars)
[356/715] ID=19cb7c85625df466 (Llandough)
    TEXT SAVED: Sion, you’re getting noticed_19cb7c85625df466.txt (3669 chars)
[357/715] ID=19cbd5cad7cb7bc3 (Llandough)
    TEXT SAVED: Ben Wilson - Managing Director reacted to this post_ Friday Fun caption contest -…_19cbd5cad7cb7bc3.txt (7790 chars)
[358/715] ID=19cbded894e5f188 (Llandough)
    TEXT SAVED: Raghav Randev replied to your comment._19cbded894e5f188.txt (3748 chars)
[359/715] ID=19cc1510d1c88cc0 (land registry, Great House Farm, Llandough, BP vs Buckler)
    TEXT SAVED: Re_ FW_ Manor of Llandough - MDR Entries_19cc1510d1c88cc0.txt (31028 chars)
[360/715] ID=19cc3fbaa035ae51 (Llandough)
    TEXT SAVED: Sion, follow Maria Belen Schvindt - Analista de Empleos y Marca Empleadora at Laboratorio Elea_19cc3fbaa035ae51.txt (2709 chars)
[361/715] ID=19cc4cc14d2d0c68 (Llandough)
    TEXT SAVED: Sion, add Archit Kohli - Co-Founder_19cc4cc14d2d0c68.txt (5666 chars)
[362/715] ID=19cc5302b9340688 (Llandough)
    TEXT SAVED: Craig Murney, Ben Wilson, and Alex Hormozi Have Updates for You, Sion Buckler_19cc5302b9340688.txt (7130 chars)
[363/715] ID=19cc5a7ebb0f5808 (Llandough)
    TEXT SAVED: Craig Murney recently posted_19cc5a7ebb0f5808.txt (7680 chars)
[364/715] ID=19ccacd8a0a4b284 (Llandough)
    TEXT SAVED: Sion, you’re getting noticed_19ccacd8a0a4b284.txt (3707 chars)
[365/715] ID=19cd4a3756863d83 (Llandough)
    TEXT SAVED: Craig Murney, Alex Hormozi, and Ben Wilson Have Updates for You, Sion Buckler_19cd4a3756863d83.txt (8490 chars)
[366/715] ID=19cd609250578e81 (Llandough)
    TEXT SAVED: 💬 DATRO Security Group just posted on LinkedIn_19cd609250578e81.txt (7531 chars)
[367/715] ID=19cd820c4411b39a (Llandough)
    TEXT SAVED: Sion, last week your posts reached 70 people!_19cd820c4411b39a.txt (2530 chars)
[368/715] ID=19cd964cfa829291 (Llandough)
    TEXT SAVED: Sion, add Jazz Buttar from Move Global Connect-Tata Communications_19cd964cfa829291.txt (5422 chars)
[369/715] ID=19cda40c065831b3 (Llandough)
    TEXT SAVED: Sion, you’re getting noticed_19cda40c065831b3.txt (3697 chars)
[370/715] ID=19cdf67e84a1bdf3 (Llandough)
    TEXT SAVED: Ben Wilson - Managing Director reacted to this post_ It’s Friday - So It Must Be…_19cdf67e84a1bdf3.txt (7871 chars)
[371/715] ID=19ce1fe9eccc997b (land registry, FOI, Great House Farm, Llandough)
    TEXT SAVED: RE_ Subject_ Freedom of Information Request - Ty Mawr (Great House), Llandough, near Penarth (1938-1_19ce1fe9eccc997b.txt (6805 chars)
[372/715] ID=19ce35cac2211b2a (land registry, FOI, Great House Farm, Llandough)
    TEXT SAVED: Re_ Subject_ Freedom of Information Request - Ty Mawr (Great House), Llandough, near Penarth (1938-1_19ce35cac2211b2a.txt (7392 chars)
[373/715] ID=19ce35d00a35553e (land registry, FOI, Llandough)
    TEXT SAVED: Automatic reply_ Subject_ Freedom of Information Request - Ty Mawr (Great House), Llandough, near Pe_19ce35d00a35553e.txt (13013 chars)
[374/715] ID=19ce4165903f00f3 (Llandough)
    TEXT SAVED: Alex Hormozi, Craig Murney, and Ben Wilson Have Updates for You, Sion Buckler_19ce4165903f00f3.txt (7317 chars)
[375/715] ID=19ce6f3dddaf5466 (land registry, FOI, Great House Farm, Llandough)
    TEXT SAVED: RE_ Subject_ Freedom of Information Request - Ty Mawr (Great House), Llandough, near Penarth (1938-1_19ce6f3dddaf5466.txt (10181 chars)
[376/715] ID=19ce7fcaf2606cfa (Llandough)
    TEXT SAVED: Sion, follow Mykhailo Fedorov - The Minister of Defense of Ukraine at Ministry of Defence of Ukraine_19ce7fcaf2606cfa.txt (2717 chars)
[377/715] ID=19ce8dd8c7286975 (Llandough)
    TEXT SAVED: Sion, add JID Junta Interamericana de Defensa from Inter American Defense Board_19ce8dd8c7286975.txt (5556 chars)
[378/715] ID=19cea2d0580fc613 (Llandough)
    TEXT SAVED: T-Mobile Chief Executive Officer recently posted_19cea2d0580fc613.txt (7770 chars)
[379/715] ID=19cebb0e76a9c519 (land registry, FOI, Great House Farm, Llandough)
    EXISTS: Correspondence.pdf
    TEXT SAVED: Re_ Subject_ Freedom of Information Request - Ty Mawr (Great House), Llandough, near Penarth (1938-1_19cebb0e76a9c519.txt (10447 chars)
[380/715] ID=19cee630fe4b6374 (Llandough)
    TEXT SAVED: Ben Wilson and Alex Hormozi Have Updates for You, Sion Buckler_19cee630fe4b6374.txt (5867 chars)
[381/715] ID=19cf707ba9be16f6 (Llandough)
    TEXT SAVED: Sion, your posts got 38 impressions last week_19cf707ba9be16f6.txt (2520 chars)
[382/715] ID=19cf8b07fc69852c (Llandough)
    TEXT SAVED: Craig Murney and Alex Hormozi Have Updates for You, Sion Buckler_19cf8b07fc69852c.txt (7682 chars)
[383/715] ID=19cf92c712ced9d9 (Llandough)
    TEXT SAVED: Ben Wilson - Managing Director reacted to this post_ Today I had the pleasure of…_19cf92c712ced9d9.txt (7895 chars)
[384/715] ID=19cfd7190e26387d (Llandough)
    TEXT SAVED: 💬 Sion, add Gabriella Ricci_19cfd7190e26387d.txt (5589 chars)
[385/715] ID=19cfe4d40c6d5df3 (Llandough)
    TEXT SAVED: Sion, you’re getting noticed_19cfe4d40c6d5df3.txt (3697 chars)
[386/715] ID=19d02fc9c71c45ba (Llandough)
    TEXT SAVED: David Ogden, Ben Wilson, and Alex Hormozi Have Updates for You, Sion Buckler_19d02fc9c71c45ba.txt (6353 chars)
[387/715] ID=19d0378b7c8ffcc5 (Llandough)
    TEXT SAVED: jamal marmash and others share their thoughts on LinkedIn_19d0378b7c8ffcc5.txt (7798 chars)
[388/715] ID=19d0c0a68f194126 (Llandough)
    TEXT SAVED: Sion, follow Mark Carney - 24th Prime Minister of Canada _ 24e premier ministre du Canada at Office _19d0c0a68f194126.txt (2717 chars)
[389/715] ID=19d0d491c6f9b55a (Llandough)
    TEXT SAVED: Rob Lawrence commented on Nina Sawetz’s post_ He’s got better 5G than…_19d0d491c6f9b55a.txt (5265 chars)
[390/715] ID=19d0dc09faaac25f (Llandough)
    TEXT SAVED: Sion, you’re getting noticed_19d0dc09faaac25f.txt (3705 chars)
[391/715] ID=19d0e0e4fd75f2e7 (Llandough)
    TEXT SAVED: 💬 Sion, add Gary Vearncombe_19d0e0e4fd75f2e7.txt (5773 chars)
[392/715] ID=19d0f84f7b7603fe (Llandough)
    TEXT SAVED: LinkedIn Chief Economist recently posted_19d0f84f7b7603fe.txt (7779 chars)
[393/715] ID=19d19e8f50ffe925 (land registry, Llandough)
    EXISTS: Correspondence.pdf
    TEXT SAVED: Your Ref_ EDD Our Ref_ WA231076_A_216_LG_19d19e8f50ffe925.txt (3008 chars)
[394/715] ID=19d1a683f6577e4b (land registry, Llandough)
    EXISTS: Correspondence.pdf
    TEXT SAVED: Fwd_ Your Ref_ EDD Our Ref_ WA231076_A_216_LG_19d1a683f6577e4b.txt (3337 chars)
[395/715] ID=19d1a721e631c9b8 (land registry)
    TEXT SAVED: Re_ Your Ref_ EDD Our Ref_ WA231076_A_216_LG_19d1a721e631c9b8.txt (3213 chars)
[396/715] ID=19d1cbdbbcb99f6f (Llandough)
    TEXT SAVED: Alex Hormozi posted_ If you find a partner who checks all these boxes, just…_19d1cbdbbcb99f6f.txt (4697 chars)
[397/715] ID=19d1db0c7d31106a (land registry, Llandough, Mrs Williams, BP vs Buckler)
    TEXT SAVED: Re_ Your Ref_ EDD Our Ref_ WA231076_A_216_LG_19d1db0c7d31106a.txt (8856 chars)
[398/715] ID=19d217ffd76e3d24 (Llandough)
    TEXT SAVED: Sion, add Sue Kenderdine from Twofour Group_19d217ffd76e3d24.txt (5653 chars)
[399/715] ID=19d21e2d71cc677b (Llandough)
    TEXT SAVED: Mark Peters replied to your comment._19d21e2d71cc677b.txt (3791 chars)
[400/715] ID=19d225aee182ec69 (Llandough)
    TEXT SAVED: Ben Wilson - Managing Director reacted to this post_ Can someone explain how this…_19d225aee182ec69.txt (7690 chars)
[401/715] ID=19d2780bd0d706a3 (Llandough)
    TEXT SAVED: 6 people noticed you_19d2780bd0d706a3.txt (3695 chars)
[402/715] ID=19d27edc8f35719f (Llandough)
    TEXT SAVED: Ben Wilson - Managing Director reacted to this post_ A bit of fun for a Friday…_19d27edc8f35719f.txt (7784 chars)
[403/715] ID=19d2989d4f5f5648 (FOI)
    TEXT SAVED: New response to your FOI request - Freedom of Information Request – Administrative Records for BP Pr_19d2989d4f5f5648.txt (1219 chars)
[404/715] ID=19d2bcaa763554bd (Llandough)
    TEXT SAVED: 💬 Sion, add Neil Pangbourne_19d2bcaa763554bd.txt (5659 chars)
[405/715] ID=19d2c3088ebb8fea (Llandough)
    TEXT SAVED: You have 1 new invitation_19d2c3088ebb8fea.txt (5544 chars)
[406/715] ID=19d3162dd9d90bb1 (Llandough)
    TEXT SAVED: Sion, follow Ted Decker - Chair, President and CEO at The Home Depot_19d3162dd9d90bb1.txt (2709 chars)
[407/715] ID=19d31ccc8a9b6eac (Llandough)
    TEXT SAVED: 5 people noticed you_19d31ccc8a9b6eac.txt (3715 chars)
[408/715] ID=19d323a9ace5ab4c (Llandough)
    TEXT SAVED: Sion, OpenClaw has a new post for you_19d323a9ace5ab4c.txt (7722 chars)
[409/715] ID=19d367becf6b7b97 (Llandough)
    TEXT SAVED: Alex Hormozi shared a post_19d367becf6b7b97.txt (4880 chars)
[410/715] ID=19d3d6f866fa03fa (FOI)
    TEXT SAVED: Please update the status of your request - Freedom of Information Request – Administrative Records f_19d3d6f866fa03fa.txt (1061 chars)
[411/715] ID=19d40c8caeefc809 (Llandough)
    TEXT SAVED: Ben Wilson posted_ Does anyone else feel like all they've done all day is…_19d40c8caeefc809.txt (3697 chars)
[412/715] ID=19d5562183afeb13 (Llandough)
    TEXT SAVED: David Ogden commented on Jakub O.’s post_ Sixth Commandment - You shall not…_19d5562183afeb13.txt (6650 chars)
[413/715] ID=19d55d922df9722f (Llandough)
    TEXT SAVED: 6 profile views_19d55d922df9722f.txt (3705 chars)
[414/715] ID=19d5a5cb5ef16561 (Llandough)
    TEXT SAVED: 💬 Sion, add Eleni Shiarlis_19d5a5cb5ef16561.txt (3967 chars)
[415/715] ID=19d5b015f9588373 (Llandough)
    TEXT SAVED: Peter Adams and others share their thoughts on LinkedIn_19d5b015f9588373.txt (7423 chars)
[416/715] ID=19d618f33e191b3f (FOI)
    TEXT SAVED: Please update the status of your request - Freedom of Information Request – Administrative Records f_19d618f33e191b3f.txt (1061 chars)
[417/715] ID=19d64d58930fa5d1 (Llandough)
    TEXT SAVED: Rob Lawrence posted_ Global supply chains face mounting pressure from…_19d64d58930fa5d1.txt (7162 chars)
[418/715] ID=19d668517990d9d7 (Llandough)
    TEXT SAVED: Rolls-Royce SMR Senior Talent Acquisition Partner recently posted_19d668517990d9d7.txt (7570 chars)
[419/715] ID=19d6996dbcfb13b0 (Llandough)
    TEXT SAVED: 💬 Sion, add Damjan Kukovec_19d6996dbcfb13b0.txt (5686 chars)
[420/715] ID=19d69d7ea1949aa5 (Llandough)
    TEXT SAVED: Check out what you missed from DATRO Security Group last week_19d69d7ea1949aa5.txt (5370 chars)
[421/715] ID=19d69fbc24ee5f3a (Llandough)
    TEXT SAVED: Alex Hormozi posted_ How I Broke a Genius World Record and sold 3.6M books and…_19d69fbc24ee5f3a.txt (4262 chars)
[422/715] ID=19d6f99bf6275a80 (Llandough)
    TEXT SAVED: 5 profile views_19d6f99bf6275a80.txt (3730 chars)
[423/715] ID=19d70073159c8751 (Llandough)
    TEXT SAVED: Rolls-Royce SMR Senior Talent Acquisition Partner recently posted_19d70073159c8751.txt (7735 chars)
[424/715] ID=19d73e391490adaf (Llandough)
    TEXT SAVED: 💬 Sion, add Samantha Cassells_19d73e391490adaf.txt (5738 chars)
[425/715] ID=19d744894b1c26c7 (Llandough)
    TEXT SAVED: Simon Ghahary posted_ It started in my living room.

No workshop. No backing…_19d744894b1c26c7.txt (9215 chars)
[426/715] ID=19d78342a7423f80 (Llandough)
    TEXT SAVED: Sion, follow Marvin Ellison - Chairman, President and CEO at Lowe's Companies, Inc._19d78342a7423f80.txt (2709 chars)
[427/715] ID=19d7a53bfb3bcb0d (Llandough)
    TEXT SAVED: Antony May DipNEBOSH PIEMA AIFSM and others share their thoughts on LinkedIn_19d7a53bfb3bcb0d.txt (7917 chars)
[428/715] ID=19d7ded8f4a26f2e (FOI)
    TEXT SAVED: Request for Access to Historic Administrative Records – Cardiff County Court 1974_19d7ded8f4a26f2e.txt (2176 chars)
[429/715] ID=19d7e30592b5cea2 (Llandough)
    TEXT SAVED: 💬 Sion, add Muhammad Saad_19d7e30592b5cea2.txt (5529 chars)
[430/715] ID=19d7e951b7dfca2d (Llandough)
    TEXT SAVED: Ben Wilson commented on Nick Bramley’s post_ Isn't it sad that this is…_19d7e951b7dfca2d.txt (7977 chars)
[431/715] ID=19d8646886b25a87 (land registry, FOI, Great House Farm, Llandough)
    DOWNLOADED: F260213.pdf (151843 bytes)
    TEXT SAVED: Freedom of Information Request F260213_19d8646886b25a87.txt (1111 chars)
[432/715] ID=19d88e258e344251 (Llandough)
    TEXT SAVED: You appeared in recent searches_19d88e258e344251.txt (8173 chars)
[433/715] ID=19d892395e7658c2 (land registry, Great House Farm, Llandough, Mrs Williams, BP vs Buckler)
    TEXT SAVED: Re_ Title WA231076 _ Ty Mawr Farm – Allegation of Fraud, Mistake and Request for Escalation to Legal_19d892395e7658c2.txt (22761 chars)
[434/715] ID=19d8e7f3dee360e0 (Llandough)
    TEXT SAVED: 5 profile views_19d8e7f3dee360e0.txt (3718 chars)
[435/715] ID=19d8eed0cadf7908 (Llandough)
    TEXT SAVED: Craig Murney recently posted_19d8eed0cadf7908.txt (7709 chars)
[436/715] ID=19d8f646c53805db (Llandough)
    TEXT SAVED: 💬 Sion, add Andy Betts_19d8f646c53805db.txt (5766 chars)
[437/715] ID=19d932ec110b486e (Llandough)
    TEXT SAVED: You appeared in 1 searches this week_19d932ec110b486e.txt (8412 chars)
[438/715] ID=19d93a82ec48b0fb (Llandough)
    TEXT SAVED: Craig Murney - Portfolio Director reacted to this post_ How many hrs spent bulling…_19d93a82ec48b0fb.txt (7865 chars)
[439/715] ID=19d97f013b0b9a50 (Llandough)
    TEXT SAVED: 💬 Sion, add Patrick Brun_19d97f013b0b9a50.txt (5840 chars)
[440/715] ID=19d9def36d898692 (Llandough)
    TEXT SAVED: Claude Opus 4.7 AI SEO Workflow That Turns Content Into Traffic Assets_19d9def36d898692.txt (14191 chars)
[441/715] ID=19d9df237e50fcd4 (Llandough)
    TEXT SAVED: 4 profile views_19d9df237e50fcd4.txt (3720 chars)
[442/715] ID=19d9e0522378584a (Llandough)
    TEXT SAVED: Qwen 3.6 Open Source Model Helps Reduce API Costs In Real Agent Stacks_19d9e0522378584a.txt (13428 chars)
[443/715] ID=19d9e2130a154d97 (Llandough)
    TEXT SAVED: NotebookLM Works With Gemini Creates A Smarter Research Workflow_19d9e2130a154d97.txt (15770 chars)
[444/715] ID=19d9e3303258ae80 (Llandough)
    TEXT SAVED: AI Designer MCP Server Turns Claude Code Into A Real Website Builder_19d9e3303258ae80.txt (12308 chars)
[445/715] ID=19d9e447b471089c (Llandough)
    TEXT SAVED: OMI AI Second Brain Turns Daily Work Into Persistent Intelligence_19d9e447b471089c.txt (14437 chars)
[446/715] ID=19d9e6bb6914e9ea (Llandough)
    TEXT SAVED: Craig Murney - Portfolio Director reacted to this post_ The Hidden Math of _Inside…_19d9e6bb6914e9ea.txt (7948 chars)
[447/715] ID=19da18d4a40fdc78 (Llandough)
    TEXT SAVED: Claude Design Tool Unlocks A New Prompt Driven Content Workflow_19da18d4a40fdc78.txt (10345 chars)
[448/715] ID=19da22f11d32554a (Llandough)
    TEXT SAVED: Claude Auto Mode AI Changes How Teams Delegate Work_19da22f11d32554a.txt (13652 chars)
[449/715] ID=19da23ed692bea08 (Llandough)
    TEXT SAVED: Perplexity Personal Computer Mac Turns Your Desktop Into A 24_7 AI Operator_19da23ed692bea08.txt (17985 chars)
[450/715] ID=19da252bb925672f (Llandough)
    TEXT SAVED: Claude Opus 4.7 SEO Workflow Turning Research Into Rankings Automatically_19da252bb925672f.txt (12543 chars)
[451/715] ID=19da36484e04cc67 (Llandough)
    TEXT SAVED: Hermes AI Agent With Ollama Makes Local Agents Practical For Business Owners_19da36484e04cc67.txt (15362 chars)
[452/715] ID=19da37a1e84da102 (Llandough)
    TEXT SAVED: Claude Opus 4.7 Self Verification AI Reduces Rewrite Loops Across Workflows_19da37a1e84da102.txt (12273 chars)
[453/715] ID=19da39e4f0ad6db0 (Llandough)
    TEXT SAVED: Kimi K2.6 Code Preview Just Changed How Developers Build Apps_19da39e4f0ad6db0.txt (12980 chars)
[454/715] ID=19da3b368c0542f4 (Llandough)
    TEXT SAVED: Gemini Notebooks Free Users Just Got A Serious Workflow Advantage_19da3b368c0542f4.txt (14856 chars)
[455/715] ID=19da4026f0f4efd1 (Llandough)
    TEXT SAVED: Claude Mythos Model Is Changing Enterprise Security Faster Than Most Leaders Realize_19da4026f0f4efd1.txt (11847 chars)
[456/715] ID=19da4318b1f28f6d (Llandough)
    TEXT SAVED: Claude Design AI Is Turning Prompts Into Campaign Assets Instantly_19da4318b1f28f6d.txt (10426 chars)
[457/715] ID=19da53dcf0cf7b7d (Llandough)
    TEXT SAVED: Gary accepted your invitation, explore their network_19da53dcf0cf7b7d.txt (2057 chars)
[458/715] ID=19da554c9184601b (land registry, Llandough)
    EXISTS: Correspondence.pdf
    TEXT SAVED: Your Ref_ EDD Our Ref_ WA231076_A_216_CT_19da554c9184601b.txt (3008 chars)
[459/715] ID=19da62ea940d9ec6 (Llandough)
    TEXT SAVED: Kimi Code CLI Makes Terminal Workflows Faster With AI Agents_19da62ea940d9ec6.txt (13623 chars)
[460/715] ID=19da646285e387e8 (Llandough)
    TEXT SAVED: Paperclip AI Agents Help You Build Smarter Automation Systems_19da646285e387e8.txt (10608 chars)
[461/715] ID=19da7292d1f6b3b1 (Llandough)
    TEXT SAVED: Gemini Skills Chrome Turns Chrome Into A Real Productivity System_19da7292d1f6b3b1.txt (10276 chars)
[462/715] ID=19da7382a2b62a5a (land registry, Llandough, Mrs Williams)
    TEXT SAVED: Subject_ Stage Two Complaint – Title WA231076 – Alleged Mistake in the Register_19da7382a2b62a5a.txt (12985 chars)
[463/715] ID=19da73a320ea911a (land registry, FOI)
    TEXT SAVED: Enquiry_  260419-6067119_19da73a320ea911a.txt (3141 chars)
[464/715] ID=19daad208349e74c (Llandough)
    TEXT SAVED: Julian accepted your invitation, explore their network_19daad208349e74c.txt (2063 chars)
[465/715] ID=19dacee6e2fc77de (Llandough)
    TEXT SAVED: You have 1 new invitation_19dacee6e2fc77de.txt (6581 chars)
[466/715] ID=19dad65b42dbf377 (Llandough)
    TEXT SAVED: Rolls-Royce SMR Senior Talent Acquisition Partner recently posted_19dad65b42dbf377.txt (7767 chars)
[467/715] ID=19db16a3437e45d9 (land registry, Llandough)
    EXISTS: Correspondence.pdf
    TEXT SAVED: Your Ref_ EDD Our Ref_ WA231076_A_216_KH_19db16a3437e45d9.txt (1488 chars)
[468/715] ID=19db17e891a52380 (land registry)
    TEXT SAVED: Re_ Your Ref_ EDD Our Ref_ WA231076_A_216_KH_19db17e891a52380.txt (1670 chars)
[469/715] ID=19db21495a9e9e84 (Llandough)
    TEXT SAVED: You have 1 new invitation_19db21495a9e9e84.txt (6126 chars)
[470/715] ID=19db28b9fab649f6 (Llandough)
    TEXT SAVED: 4 profile views_19db28b9fab649f6.txt (3730 chars)
[471/715] ID=19db6d6584559028 (Llandough)
    TEXT SAVED: 💬 Sion, add Vusimozi Solani_19db6d6584559028.txt (5719 chars)
[472/715] ID=19db7b207d6983ff (Llandough)
    TEXT SAVED: Rolls-Royce SMR Senior Talent Acquisition Partner recently posted_19db7b207d6983ff.txt (7818 chars)
[473/715] ID=19dbbfcb11cbd319 (Llandough)
    TEXT SAVED: 💬 Sion, add Muskan yadav_19dbbfcb11cbd319.txt (5707 chars)
[474/715] ID=19dbc614f43ad63d (Llandough)
    TEXT SAVED: You have 1 new invitation_19dbc614f43ad63d.txt (6085 chars)
[475/715] ID=19dc047d653a0075 (Llandough)
    TEXT SAVED: Sion, see Andriy Fedoriv in your feed_19dc047d653a0075.txt (2686 chars)
[476/715] ID=19dc1ff914f8ba7d (Llandough)
    TEXT SAVED: 3 profile views_19dc1ff914f8ba7d.txt (3728 chars)
[477/715] ID=19dc27cf86e4fe7e (Llandough)
    TEXT SAVED: Rolls-Royce SMR Head of Organisational Development and Capability recently posted_19dc27cf86e4fe7e.txt (7814 chars)
[478/715] ID=19dc6494bc98c192 (Llandough)
    TEXT SAVED: 💬 Sion, add Waseem link building_19dc6494bc98c192.txt (4186 chars)
[479/715] ID=19dc6adfe2dd8c48 (Llandough)
    TEXT SAVED: You have 1 new invitation_19dc6adfe2dd8c48.txt (5150 chars)
[480/715] ID=19dcabcd65a4875d (land registry)
    TEXT SAVED: Your complaint – how did we do__19dcabcd65a4875d.txt (5488 chars)
[481/715] ID=19dd17313327199b (Llandough)
    TEXT SAVED: Rolls-Royce SMR Senior Talent Acquisition Partner recently posted_19dd17313327199b.txt (7745 chars)
[482/715] ID=19dd5bc66b069f80 (Llandough)
    TEXT SAVED: 💬 Sion, add George Cowcher_19dd5bc66b069f80.txt (5877 chars)
[483/715] ID=19dd698205fa5d48 (Llandough)
    TEXT SAVED: 3 people noticed you_19dd698205fa5d48.txt (3752 chars)
[484/715] ID=19ddb19c4dc181b3 (Great House Farm, Llandough)
    TEXT SAVED: Re_ Reply to your email of September 2025_19ddb19c4dc181b3.txt (8233 chars)
[485/715] ID=19ddb251d96273d7 (Great House Farm, Llandough)
    TEXT SAVED: Ref_ TO130237_19ddb251d96273d7.txt (7298 chars)
[486/715] ID=19ddb47ca851f151 (Llandough)
    TEXT SAVED: You have 1 new invitation_19ddb47ca851f151.txt (4508 chars)
[487/715] ID=19ddbbea2a287407 (Llandough)
    TEXT SAVED: British Army Paramedic recently posted_19ddbbea2a287407.txt (7756 chars)
[488/715] ID=19de0092df96e54b (Llandough)
    TEXT SAVED: 💬 Sion, add Tj Power_19de0092df96e54b.txt (5532 chars)
[489/715] ID=19de0329bb851e19 (Llandough, BP vs Buckler)
    DOWNLOADED: CLIP Cymru_ Results for Buckler, bp.PDF (844707 bytes)
    TEXT SAVED: Enquiry; BP vs Buckler_19de0329bb851e19.txt (548 chars)
[490/715] ID=19de45458aaca346 (Llandough)
    TEXT SAVED: Sion, meet Matt Diggity at MattDiggity.com 🤛_19de45458aaca346.txt (2694 chars)
[491/715] ID=19de52f8a7e75d0b (Llandough)
    TEXT SAVED: 💬 Sion, add Carolina Soto_19de52f8a7e75d0b.txt (5473 chars)
[492/715] ID=19de5942e79d38b4 (Llandough)
    TEXT SAVED: You have 1 new invitation_19de5942e79d38b4.txt (5028 chars)
[493/715] ID=19de6790aabb4443 (Llandough)
    TEXT SAVED: British Army Head Productivity and Sustainability recently posted_19de6790aabb4443.txt (7762 chars)
[494/715] ID=19ded99140024a9b (Llandough)
    TEXT SAVED: Hywel, you're now a member of Llandough Business Hub_19ded99140024a9b.txt (1506 chars)
[495/715] ID=19ded9b6d36ad663 (Llandough)
    TEXT SAVED: Hywel, you're now a member of George Carroll for Llandough_19ded9b6d36ad663.txt (1510 chars)
[496/715] ID=19dedaa4aca49b32 (Llandough)
    TEXT SAVED: Hywel, you're now a member of Llandough old and new residents_19dedaa4aca49b32.txt (1513 chars)
[497/715] ID=19def602a9dcab43 (land registry, Great House Farm, Llandough, Mrs Williams)
    TEXT SAVED: Re_ Subject_ Stage Two Complaint – Title WA231076 – Alleged Mistake in the Register_19def602a9dcab43.txt (16876 chars)
[498/715] ID=19df10c1f8d67b00 (land registry, Great House Farm, Llandough, BP vs Buckler)
    DOWNLOADED: TO130237 Sion Buckler.pdf (98809 bytes)
    TEXT SAVED: Re_ Setting Aside BP vs Buckler 1987 on grounds of BP with our stolen paper title and identity fraud_19df10c1f8d67b00.txt (13039 chars)
[499/715] ID=19df10ccbb967ad0 (BP vs Buckler)
    TEXT SAVED: Automatic reply_ Setting Aside BP vs Buckler 1987 on grounds of BP with our stolen paper title and i_19df10ccbb967ad0.txt (2545 chars)
[500/715] ID=19df360dbcf4e901 (Llandough)
    TEXT SAVED: Sion, your posts got 5 impressions last week_19df360dbcf4e901.txt (2520 chars)
[501/715] ID=19df507423d9e6f9 (Llandough)
    TEXT SAVED: You have 1 new invitation_19df507423d9e6f9.txt (6194 chars)
[502/715] ID=19df580068f32213 (Llandough)
    TEXT SAVED: LinkedIn Vice President, Chief of Staff to the CEO recently posted_19df580068f32213.txt (7893 chars)
[503/715] ID=19df88221ae92f4c (Llandough)
    TEXT SAVED: Create With Strategic Intent_19df88221ae92f4c.txt (6961 chars)
[504/715] ID=19df9c90b182fd00 (Llandough)
    TEXT SAVED: 💬 Sion, add Bert Moortgat_19df9c90b182fd00.txt (5677 chars)
[505/715] ID=19dfa2d9e8b3f1be (Llandough)
    TEXT SAVED: You have 1 new invitation_19dfa2d9e8b3f1be.txt (5947 chars)
[506/715] ID=19dfaa4a38af8d9a (Llandough)
    TEXT SAVED: 3 profile views_19dfaa4a38af8d9a.txt (3718 chars)
[507/715] ID=19dffcddc82ba6b4 (Llandough)
    TEXT SAVED: Craig Murney - Portfolio Director reacted to this post_ People, stop here. Stop…_19dffcddc82ba6b4.txt (7831 chars)
[508/715] ID=19e08d567f3266a6 (Llandough)
    TEXT SAVED: Sion, meet Kimberly Shaw-Walker at Kim Shaw Walker Events 🤛_19e08d567f3266a6.txt (2710 chars)
[509/715] ID=19e093c0a3fea780 (Llandough)
    TEXT SAVED: 💬 Sion, add Samantha Cassells_19e093c0a3fea780.txt (5569 chars)
[510/715] ID=19e0af37ca51038d (Llandough)
    TEXT SAVED: Ben Wilson - Managing Director reacted to this post_ Anne Hathaway said in an…_19e0af37ca51038d.txt (7807 chars)
[511/715] ID=19e0ec71584d92d8 (Llandough)
    TEXT SAVED: You have 1 new invitation_19e0ec71584d92d8.txt (6508 chars)
[512/715] ID=19e0ed0b729d5818 (land registry, FOI, Great House Farm, Llandough, Mrs Williams, BP vs Buckler)
    TEXT SAVED: Formal Notice Follow Up_ Resolution of Historical Dispossession and Fraud – Great House Farm, Llando_19e0ed0b729d5818.txt (9125 chars)
[513/715] ID=19e0ed11f01aadf6 (Great House Farm, Llandough)
    TEXT SAVED: Automatic reply_ Formal Notice Follow Up_ Resolution of Historical Dispossession and Fraud – Great H_19e0ed11f01aadf6.txt (1616 chars)
[514/715] ID=19e0ed21894d299e (land registry, FOI, Great House Farm, Llandough, Mrs Williams, BP vs Buckler)
    TEXT SAVED: RE_ Formal Notice Follow Up_ Resolution of Historical Dispossession and Fraud – Great House Farm, Ll_19e0ed21894d299e.txt (15118 chars)
[515/715] ID=19e0ed5b025a743b (land registry, FOI, Great House Farm, Llandough, Mrs Williams, BP vs Buckler)
    TEXT SAVED: Fwd_ Formal Notice Follow Up_ Resolution of Historical Dispossession and Fraud – Great House Farm, L_19e0ed5b025a743b.txt (10064 chars)
[516/715] ID=19e0ed6167ac97c7 (Great House Farm, Llandough)
    TEXT SAVED: Automatic reply_ Formal Notice Follow Up_ Resolution of Historical Dispossession and Fraud – Great H_19e0ed6167ac97c7.txt (2193 chars)
[517/715] ID=19e0ed6e9611fda6 (land registry, FOI, Great House Farm, Llandough, Mrs Williams, BP vs Buckler)
    TEXT SAVED: RE_ Formal Notice Follow Up_ Resolution of Historical Dispossession and Fraud – Great House Farm, Ll_19e0ed6e9611fda6.txt (17139 chars)
[518/715] ID=19e0fa4198905bcc (land registry, Great House Farm, Mrs Williams, BP vs Buckler)
    TEXT SAVED: Hey Kiro. Here's more on BP vs Buckler 1987_19e0fa4198905bcc.txt (6974 chars)
[519/715] ID=19e176adcd03b707 (Llandough)
    TEXT SAVED: Sion, your posts got 5 impressions last week_19e176adcd03b707.txt (2520 chars)
[520/715] ID=19e179ad0a4405b6 (land registry, FOI, Great House Farm, Llandough, Mrs Williams, BP vs Buckler)
    TEXT SAVED: ATB_RE_ Formal Notice Follow Up_ Resolution of Historical Dispossession and Fraud – Great House Farm_19e179ad0a4405b6.txt (12549 chars)
[521/715] ID=19e17fa4c9ed43c3 (BP vs Buckler)
    TEXT SAVED: Update_19e17fa4c9ed43c3.txt (342 chars)
[522/715] ID=19e182b1fc720179 (land registry, FOI, Great House Farm, Llandough, Mrs Williams, BP vs Buckler)
    TEXT SAVED: Re_ ATB_RE_ Formal Notice Follow Up_ Resolution of Historical Dispossession and Fraud – Great House _19e182b1fc720179.txt (13581 chars)
[523/715] ID=19e1877ed4a7b727 (land registry, FOI, Great House Farm, Llandough, Mrs Williams)
    TEXT SAVED: Resolution of Historical Dispossession and Fraud – Great House Farm, Llandough, Vale of Glamorgan_19e1877ed4a7b727.txt (16819 chars)
[524/715] ID=19e187949ef847cc (land registry, FOI, Great House Farm, Llandough, Mrs Williams)
    TEXT SAVED: Resolution of Historical Dispossession and Fraud – Great House Farm, Llandough, Vale of Glamorgan_19e187949ef847cc.txt (16822 chars)
[525/715] ID=19e187ca2406887f (Great House Farm, Llandough)
    TEXT SAVED: Automatic reply_ Resolution of Historical Dispossession and Fraud – Great House Farm, Llandough, Val_19e187ca2406887f.txt (605 chars)
[526/715] ID=19e198af0d508fda (Llandough)
    TEXT SAVED: Ben Wilson - Managing Director reacted to this post_ As a CEO, the two most…_19e198af0d508fda.txt (7812 chars)
[527/715] ID=19e1baa351088e79 (land registry, FOI, Great House Farm, Llandough, Mrs Williams, BP vs Buckler)
    TEXT SAVED: ATB_RE_ ATB_RE_ Formal Notice Follow Up_ Resolution of Historical Dispossession and Fraud – Great Ho_19e1baa351088e79.txt (14712 chars)
[528/715] ID=19e1be021205b51c (land registry, FOI, Great House Farm, Llandough, Mrs Williams, BP vs Buckler)
    TEXT SAVED: Re_ ATB_RE_ ATB_RE_ Formal Notice Follow Up_ Resolution of Historical Dispossession and Fraud – Grea_19e1be021205b51c.txt (14910 chars)
[529/715] ID=19e1be923e3c7f8a (land registry, FOI, Great House Farm, Llandough, Mrs Williams)
    TEXT SAVED: Resolution of Historical Dispossession and Fraud – Great House Farm, Llandough, Vale of Glamorgan_19e1be923e3c7f8a.txt (17316 chars)
[530/715] ID=19e1dd5764a4cfe2 (Llandough)
    TEXT SAVED: 💬 Sion, add Bert Moortgat_19e1dd5764a4cfe2.txt (5896 chars)
[531/715] ID=19e1eb1292d4a64d (Llandough)
    TEXT SAVED: 4 profile views_19e1eb1292d4a64d.txt (3711 chars)
[532/715] ID=19e20d6441a7b668 (FOI)
    TEXT SAVED: Whoever Comes After Starmer, Britain's Populist Revolt Will Only Grow_19e20d6441a7b668.txt (15002 chars)
[533/715] ID=19e21fb4c5a4eaf1 (land registry, FOI, Great House Farm, Llandough, Mrs Williams)
    TEXT SAVED: Re_ Resolution of Historical Dispossession and Fraud – Great House Farm, Llandough, Vale of Glamorga_19e21fb4c5a4eaf1.txt (17941 chars)
[534/715] ID=19e2360847199594 (Llandough)
    TEXT SAVED: You have 1 new invitation_19e2360847199594.txt (5495 chars)
[535/715] ID=19e23d79379b8845 (Llandough)
    TEXT SAVED: Craig Murney - Portfolio Director reacted to this post_ Morning All,

For nearly 3…_19e23d79379b8845.txt (7893 chars)
[536/715] ID=19e272928edf3d6f (FOI)
    TEXT SAVED: Automatic reply_ Our Reference_ LPB_26_0781_19e272928edf3d6f.txt (6089 chars)
[537/715] ID=19e272c1ca06e2f6 (Llandough)
    TEXT SAVED: Re_ You're Invited_ Online Pitching Session – Emwill Care _ Thursday 21st, 4PM_19e272c1ca06e2f6.txt (2144 chars)
[538/715] ID=19e27c9ec2301593 (land registry, Llandough, Mrs Williams, BP vs Buckler)
    TEXT SAVED: BP vs Buckler 1987 Thatcher & SAS_19e27c9ec2301593.txt (7377 chars)
[539/715] ID=19e28222d7c2e086 (Llandough)
    TEXT SAVED: 💬 Sion, add Andy Watterson_19e28222d7c2e086.txt (5758 chars)
[540/715] ID=19e2c6cd51599a63 (Llandough)
    TEXT SAVED: James Wallington, Head of Europe, Capital Formation, is popular in your network_19e2c6cd51599a63.txt (2694 chars)
[541/715] ID=19e2d2aa0d0b2f88 (Llandough)
    TEXT SAVED: Ray-Ray Parsons posted in Llandough Business Hub_19e2d2aa0d0b2f88.txt (1192 chars)
[542/715] ID=19e2d4887bc4d871 (Llandough)
    TEXT SAVED: Developer_ Grido and  hired roles near you_19e2d4887bc4d871.txt (5836 chars)
[543/715] ID=19e2dad39a3ae374 (Llandough)
    TEXT SAVED: You have 1 new invitation_19e2dad39a3ae374.txt (7097 chars)
[544/715] ID=19e2e2452dcf72e9 (Llandough)
    TEXT SAVED: Simon Ghahary - Creative Director & Industrial Design reacted to this post_ Can't wait for the world_19e2e2452dcf72e9.txt (7868 chars)
[545/715] ID=19e2f20f2f74c34a (Great House Farm, Llandough)
    TEXT SAVED: FORMAL NOTICE_ Unlawful Dispossession of Great House Farm (Former Estate WA231076)_19e2f20f2f74c34a.txt (1344 chars)
[546/715] ID=19e2f2a020993f6a (Great House Farm, Llandough)
    TEXT SAVED: FORMAL NOTICE_ State-Sanctioned Dispossession of Great House Farm (Former Estate WA231076)_19e2f2a020993f6a.txt (1100 chars)
[547/715] ID=19e2f2d585d316d4 (Great House Farm, Llandough, BP vs Buckler)
    TEXT SAVED: FORMAL NOTICE_ Unlawful Dispossession of Great House Farm (Former Estate WA231076)_19e2f2d585d316d4.txt (1683 chars)
[548/715] ID=19e2f2d5abfb3f85 (Great House Farm, Llandough, BP vs Buckler)
    TEXT SAVED: FORMAL NOTICE_ State-Sanctioned Dispossession of Great House Farm (Former Estate WA231076)_19e2f2d5abfb3f85.txt (1531 chars)
[549/715] ID=19e2f2e84ffead06 (Great House Farm, Llandough, BP vs Buckler)
    TEXT SAVED: FORMAL NOTICE_ Unlawful Dispossession of Great House Farm (Former Estate WA231076)_19e2f2e84ffead06.txt (1683 chars)
[550/715] ID=19e2f2e87dcadd55 (Great House Farm, Llandough, BP vs Buckler)
    TEXT SAVED: FORMAL NOTICE_ State-Sanctioned Dispossession of Great House Farm (Former Estate WA231076)_19e2f2e87dcadd55.txt (1523 chars)
[551/715] ID=19e326ee3cf4caee (Llandough)
    TEXT SAVED: 💬 Sion, add Samantha Cassells_19e326ee3cf4caee.txt (5441 chars)
[552/715] ID=19e3419016e9f2b4 (Great House Farm, Llandough, BP vs Buckler)
    TEXT SAVED: no_subject_19e3419016e9f2b4.txt (2405 chars)
[553/715] ID=19e34218ade65c61 (Great House Farm, Llandough, BP vs Buckler)
    TEXT SAVED: BP vs Buckler, Great House Farm, Llandough_19e34218ade65c61.txt (2878 chars)
[554/715] ID=19e3421d2bbc4767 (Great House Farm, Llandough, BP vs Buckler)
    TEXT SAVED: Undeliverable_ BP vs Buckler, Great House Farm, Llandough_19e3421d2bbc4767.txt (12462 chars)
[555/715] ID=19e3421e10e289fe (Great House Farm, Llandough, BP vs Buckler)
    TEXT SAVED: Automatic reply_ BP vs Buckler, Great House Farm, Llandough_19e3421e10e289fe.txt (1410 chars)
[556/715] ID=19e377ae90032abc (land registry, Great House Farm, Llandough, Mrs Williams, BP vs Buckler)
    TEXT SAVED: Great House Farm_19e377ae90032abc.txt (9813 chars)
[557/715] ID=19e38ded2b95f7fc (Llandough)
    TEXT SAVED: Pablo Andres accepted your invitation, explore their network_19e38ded2b95f7fc.txt (2075 chars)
[558/715] ID=19e3911e207fbb0c (land registry, FOI, Great House Farm, Llandough, BP vs Buckler)
    TEXT SAVED: Re_ Great House Farm_19e3911e207fbb0c.txt (7700 chars)
[559/715] ID=19e3bca7fda21c17 (land registry, Llandough, BP vs Buckler)
    TEXT SAVED: Setting Aside BP vs Buckler 1987 on grounds of fraud_19e3bca7fda21c17.txt (3428 chars)
[560/715] ID=19e3bcc6c4160ad1 (land registry, Llandough, BP vs Buckler)
    TEXT SAVED: Fwd_ Setting Aside BP vs Buckler 1987 on grounds of fraud_19e3bcc6c4160ad1.txt (3436 chars)
[561/715] ID=19e3d975b7482831 (Llandough)
    TEXT SAVED: Ben Wilson - Managing Director reacted to this post_ 🏆 The moment we’ve been…_19e3d975b7482831.txt (7843 chars)
[562/715] ID=19e409dab68f016c (Llandough)
    TEXT SAVED: Sion, your posts got 20 impressions last week_19e409dab68f016c.txt (2520 chars)
[563/715] ID=19e41e1fef3df8a5 (Llandough)
    TEXT SAVED: 💬 Sion, add Ali ‎_19e41e1fef3df8a5.txt (5775 chars)
[564/715] ID=19e4246b1d656d56 (Llandough)
    TEXT SAVED: You have 1 new invitation_19e4246b1d656d56.txt (6127 chars)
[565/715] ID=19e42bdb27b11445 (Llandough)
    TEXT SAVED: 5 people noticed you_19e42bdb27b11445.txt (3719 chars)
[566/715] ID=19e46a26bb566e05 (land registry, FOI, Great House Farm, Llandough, BP vs Buckler)
    TEXT SAVED: Re_ Great House Farm_19e46a26bb566e05.txt (8998 chars)
[567/715] ID=19e46daebd266c25 (FOI, Great House Farm, Llandough, Mrs Williams, BP vs Buckler)
    TEXT SAVED: Re_ Great House Farm, Llandough_19e46daebd266c25.txt (13688 chars)
[568/715] ID=19e4739cfe6cb89a (land registry, FOI, Great House Farm, Llandough)
    TEXT SAVED: Great House Farm, Williams_ Buckler Family, Llandough, Vale of Glamorgan_19e4739cfe6cb89a.txt (3541 chars)
[569/715] ID=19e47e413f2441a7 (Llandough)
    TEXT SAVED: Sion, Craig Murney has a new post for you_19e47e413f2441a7.txt (7672 chars)
[570/715] ID=19e4b1bc46edc331 (Great House Farm, Llandough, BP vs Buckler)
    DOWNLOADED: 1990-08-xx - Great House Farmhouse, Llandough - GGAT Assessment.pdf (6504003 bytes)
    DOWNLOADED: 1988-07-29 - Barn at Great House Farmhouse, Llandough - survey photo.pdf (960798 bytes)
    DOWNLOADED: 1988-07-29 - Great House Farmhouse, Llandough - survey photo.pdf (962955 bytes)
    TEXT SAVED: FW_ Great House Farm, Llandough (aka Ty Mawr)_19e4b1bc46edc331.txt (7161 chars)
[571/715] ID=19e4c2eacf6f8364 (Llandough)
    TEXT SAVED: 💬 Sion, add Andy Watterson_19e4c2eacf6f8364.txt (5476 chars)
[572/715] ID=19e4c93697f2d2a8 (Llandough)
    TEXT SAVED: You have 1 new invitation_19e4c93697f2d2a8.txt (7028 chars)
[573/715] ID=19e4f946cd147d86 (land registry, FOI, Great House Farm, Llandough)
    TEXT SAVED: RE_ Great House Farm, Williams_ Buckler Family, Llandough, Vale of Glamorgan_19e4f946cd147d86.txt (11245 chars)
[574/715] ID=19e500351c34e780 (Great House Farm, Llandough, BP vs Buckler)
    TEXT SAVED: Re_ FW_ Great House Farm, Llandough (aka Ty Mawr)_19e500351c34e780.txt (7638 chars)
[575/715] ID=19e501c1312a8496 (land registry, FOI, Great House Farm, Llandough)
    TEXT SAVED: RE_ Great House Farm, Williams_ Buckler Family, Llandough, Vale of Glamorgan_19e501c1312a8496.txt (4270 chars)
[576/715] ID=19e507958f5a2aec (Llandough)
    TEXT SAVED: Martyn Roper OBE, Chairman Algeria British Business Council, is popular in your network_19e507958f5a2aec.txt (2702 chars)
[577/715] ID=19e51550a9a9245b (Llandough)
    TEXT SAVED: Developer_ Grido and  hired roles near you_19e51550a9a9245b.txt (6484 chars)
[578/715] ID=19e5230cc592e482 (Llandough)
    TEXT SAVED: 6 people noticed you_19e5230cc592e482.txt (3721 chars)
[579/715] ID=19e524dcb29131b5 (land registry, FOI, Great House Farm, Llandough, BP vs Buckler)
    TEXT SAVED: Re_ Great House Farm_19e524dcb29131b5.txt (9431 chars)
[580/715] ID=19e524ddb18c97be (land registry, FOI, Great House Farm, Llandough)
    TEXT SAVED: Re_ Great House Farm, Williams_ Buckler Family, Llandough, Vale of Glamorgan_19e524ddb18c97be.txt (4654 chars)
[581/715] ID=19e529ea4f348541 (Llandough)
    TEXT SAVED: Ben Wilson - Managing Director reacted to this post_ Special thank you to Emma…_19e529ea4f348541.txt (7824 chars)
[582/715] ID=19e567b68b845908 (Llandough)
    TEXT SAVED: 💬 Sion, add Pete S._19e567b68b845908.txt (5485 chars)
[583/715] ID=19e5feccba380185 (land registry, Llandough)
    EXISTS: Correspondence.pdf
    TEXT SAVED: Your Ref_ EDD Our Ref_ WA231076_A_216_MC_19e5feccba380185.txt (1488 chars)
[584/715] ID=19e612cd3af672e8 (Llandough)
    TEXT SAVED: Anthropic shared a post_ Anthropic co-founder Chris Olah was invited to speak…_19e612cd3af672e8.txt (5423 chars)
[585/715] ID=19e61a3dea5f7187 (Llandough)
    TEXT SAVED: T-Mobile Lead Photographer recently posted_19e61a3dea5f7187.txt (7829 chars)
[586/715] ID=19e6374bd8b2871d (land registry, Llandough, BP vs Buckler)
    TEXT SAVED: Re_ Setting Aside BP vs Buckler 1987 on grounds of fraud_19e6374bd8b2871d.txt (3966 chars)
[587/715] ID=19e6529d7abdd5ca (Great House Farm, Llandough, BP vs Buckler)
    TEXT SAVED: Great House Farm, Llandough, Nr Penarth, Vale of Glamorgan_19e6529d7abdd5ca.txt (272 chars)
[588/715] ID=19e654bab67a236c (land registry, Mrs Williams)
    TEXT SAVED: Re_ Your Ref_ EDD Our Ref_ WA231076_A_216_MC_19e654bab67a236c.txt (3625 chars)
[589/715] ID=19e65ee7ccf26e79 (Llandough)
    TEXT SAVED: 💬 Sion, add Antony Chesworth_19e65ee7ccf26e79.txt (5458 chars)
[590/715] ID=19e66521d6fa2ee9 (Great House Farm, Llandough)
    TEXT SAVED: Great House Farm, Llandough_19e66521d6fa2ee9.txt (3047 chars)
[591/715] ID=19e6674c1f652661 (Llandough)
    TEXT SAVED: A survey of Manor of Llandough_19e6674c1f652661.txt (226 chars)
[592/715] ID=19e66ca3414cfb42 (Llandough)
    TEXT SAVED: 6 people noticed you_19e66ca3414cfb42.txt (3711 chars)
[593/715] ID=19e6955728641e0a (FOI, Great House Farm, Llandough)
    TEXT SAVED: FOI_EIR request - Case Ref_ 00210772_19e6955728641e0a.txt (2373 chars)
[594/715] ID=19e6bf087dc2ca10 (Llandough)
    TEXT SAVED: T-Mobile Chief Operating Officer recently posted_19e6bf087dc2ca10.txt (7780 chars)
[595/715] ID=19e6d0e9c0d4c68d (FOI, Great House Farm, Llandough)
    TEXT SAVED: Great House Farm_ Church View Close, Llandough, nr. Penarth, Vale of Glamorgan_19e6d0e9c0d4c68d.txt (1921 chars)
[596/715] ID=19e6d0f67fdd15d6 (FOI, Great House Farm, Llandough)
    TEXT SAVED: Great House Farm_ Church View Close, Llandough, nr. Penarth, Vale of Glamorgan_19e6d0f67fdd15d6.txt (1916 chars)
[597/715] ID=19e6e41dcb8faf97 (FOI, Great House Farm)
    TEXT SAVED: Clarification required - FOI_EIR request - Case Ref_ 00210772_19e6e41dcb8faf97.txt (1696 chars)
[598/715] ID=19e6ee02fd184d16 (Great House Farm, Llandough)
    TEXT SAVED: RE_ Great House Farm, Llandough, Nr Penarth, Vale of Glamorgan_19e6ee02fd184d16.txt (5073 chars)
[599/715] ID=19e6f0e4a747d5bc (land registry, FOI, Great House Farm, Llandough)
    DOWNLOADED: LES16 Price List 2026.pdf (304904 bytes)
    DOWNLOADED: LES17 Licence Fees 2026.pdf (315620 bytes)
    TEXT SAVED: RC26-0205 - Great House Farm, Williams_ Buckler Family, Llandough, Vale of Glamorgan_19e6f0e4a747d5bc.txt (7206 chars)
[600/715] ID=19e703b2deefe2d1 (Llandough)
    TEXT SAVED: Developer_ CIDS - Centro de Investigación, Desarrollo y Transferencia de Sistemas de Información and_19e703b2deefe2d1.txt (6613 chars)
[601/715] ID=19e705a9ba774e00 (Great House Farm, Llandough)
    TEXT SAVED: Re_ Great House Farm, Llandough, Nr Penarth, Vale of Glamorgan_19e705a9ba774e00.txt (7509 chars)
[602/715] ID=19e70a91202c2304 (Llandough)
    TEXT SAVED: 💬 Sion, add Jazz Buttar_19e70a91202c2304.txt (5532 chars)
[603/715] ID=19e734bf04ad6799 (Great House Farm, Llandough)
    TEXT SAVED: RE_ Great House Farm, Llandough, Nr Penarth, Vale of Glamorgan_19e734bf04ad6799.txt (3308 chars)
[604/715] ID=19e746788a06645c (FOI, Great House Farm, Llandough)
    TEXT SAVED: New response to your FOI request - 1988 Dispossession of Great House Farm, Llandough from the Willia_19e746788a06645c.txt (1191 chars)
[605/715] ID=19e7485dc9dfef15 (Llandough)
    TEXT SAVED: Charles Krier, Partner - Avocat à la Cour , is popular in your network_19e7485dc9dfef15.txt (2694 chars)
[606/715] ID=19e750c31e2fcf5e (land registry, FOI, Great House Farm, Llandough)
    TEXT SAVED: FORMAL DISCLOSURE NOTICE & LITIGATION HOLD_ Historic Significance, Planning Approvals, and Displaced_19e750c31e2fcf5e.txt (5019 chars)
[607/715] ID=19e750c60b294012 (FOI)
    TEXT SAVED: Delivery Status Notification (Failure)_19e750c60b294012.txt (498 chars)
[608/715] ID=19e750cbad1114c0 (Great House Farm, Llandough)
    TEXT SAVED: Automatic reply_ FORMAL DISCLOSURE NOTICE & LITIGATION HOLD_ Historic Significance, Planning Approva_19e750cbad1114c0.txt (64 chars)
[609/715] ID=19e7510cba9af725 (land registry, FOI, Great House Farm, Llandough)
    TEXT SAVED: FORMAL DISCLOSURE NOTICE & LITIGATION HOLD_ Historic Significance, Planning Approvals, and Displaced_19e7510cba9af725.txt (4684 chars)
[610/715] ID=19e7510fe8e74454 (FOI)
    TEXT SAVED: Delivery Status Notification (Failure)_19e7510fe8e74454.txt (498 chars)
[611/715] ID=19e751117cd45c59 (Great House Farm, Llandough)
    TEXT SAVED: Automatic reply_ FORMAL DISCLOSURE NOTICE & LITIGATION HOLD_ Historic Significance, Planning Approva_19e751117cd45c59.txt (4492 chars)
[612/715] ID=19e75112457bde5d (Great House Farm, Llandough)
    TEXT SAVED: FORMAL DISCLOSURE NOTICE & LITIGATION HOLD_ Historic Significance, Planning Approvals, and Displaced_19e75112457bde5d.txt (789 chars)
[613/715] ID=19e751128989a047 (Great House Farm, Llandough)
    TEXT SAVED: Automatic reply_ FORMAL DISCLOSURE NOTICE & LITIGATION HOLD_ Historic Significance, Planning Approva_19e751128989a047.txt (1616 chars)
[614/715] ID=19e7511358fa2e1c (land registry, FOI, Great House Farm, Llandough)
    TEXT SAVED: Undeliverable_ FORMAL DISCLOSURE NOTICE & LITIGATION HOLD_ Historic Significance, Planning Approvals_19e7511358fa2e1c.txt (38357 chars)
[615/715] ID=19e7513aaa5f0339 (land registry, FOI, Great House Farm, Llandough)
    TEXT SAVED: RE_ FORMAL DISCLOSURE NOTICE & LITIGATION HOLD_ Historic Significance, Planning Approvals, and Displ_19e7513aaa5f0339.txt (7805 chars)
[616/715] ID=19e75c647432b7a8 (Llandough)
    TEXT SAVED: You appeared in recent searches_19e75c647432b7a8.txt (7321 chars)
[617/715] ID=19e75f3fbc468d78 (land registry, FOI, Great House Farm, Llandough)
    TEXT SAVED: Re_ RC26-0205 - Great House Farm, Williams_ Buckler Family, Llandough, Vale of Glamorgan_19e75f3fbc468d78.txt (12869 chars)
[618/715] ID=19e75f4626d91a56 (Great House Farm, Llandough)
    TEXT SAVED: Automatic reply_ RC26-0205 - Great House Farm, Williams_ Buckler Family, Llandough, Vale of Glamorga_19e75f4626d91a56.txt (372 chars)
[619/715] ID=19e763d41cdd520a (Llandough)
    TEXT SAVED: 6 profile views_19e763d41cdd520a.txt (3719 chars)
[620/715] ID=19e76ab1d700bb82 (Llandough)
    TEXT SAVED: T-Mobile Chief Operating Officer recently posted_19e76ab1d700bb82.txt (7780 chars)
[621/715] ID=19e7a87e25eff157 (Llandough)
    TEXT SAVED: 💬 Sion, add Ameer Hamza_19e7a87e25eff157.txt (5832 chars)
[622/715] ID=19e7ad989b47da54 (Llandough, BP vs Buckler)
    TEXT SAVED: Ref_ John Oakes_ CCAN_19e7ad989b47da54.txt (9258 chars)
[623/715] ID=19e7c708bd2146c4 (land registry, Great House Farm, Llandough)
    TEXT SAVED: Complaint regarding failure of response by public bodies and concerns about maladministration and hi_19e7c708bd2146c4.txt (3918 chars)
[624/715] ID=19e7fa8366e15414 (Great House Farm, Llandough)
    TEXT SAVED: Re_ Automatic reply_ FORMAL DISCLOSURE NOTICE & LITIGATION HOLD_ Historic Significance, Planning App_19e7fa8366e15414.txt (2248 chars)
[625/715] ID=19e7fa8906739a45 (Great House Farm, Llandough)
    TEXT SAVED: Automatic reply_ Automatic reply_ FORMAL DISCLOSURE NOTICE & LITIGATION HOLD_ Historic Significance,_19e7fa8906739a45.txt (1616 chars)
[626/715] ID=19e7fdd01108a18a (land registry, Great House Farm, Llandough)
    TEXT SAVED: Request for Referral to the Parliamentary and Health Service Ombudsman – HM Land Registry Complaint_19e7fdd01108a18a.txt (4370 chars)
[627/715] ID=19e7fdd6678697e1 (land registry)
    TEXT SAVED: Automatic reply_ Request for Referral to the Parliamentary and Health Service Ombudsman – HM Land Re_19e7fdd6678697e1.txt (2545 chars)
[628/715] ID=19e81f431e5742da (land registry, Llandough, Mrs Williams, BP vs Buckler)
    TEXT SAVED: Re_ Williams Title & Estate, Llandough_19e81f431e5742da.txt (20290 chars)
[629/715] ID=19e8374b277f1126 (land registry, FOI, Great House Farm, Llandough)
    TEXT SAVED: RE_ FORMAL DISCLOSURE NOTICE & LITIGATION HOLD_ Historic Significance, Planning Approvals, and Displ_19e8374b277f1126.txt (6157 chars)
[630/715] ID=19e8392c6e4def65 (land registry, FOI, Great House Farm, Llandough)
    TEXT SAVED: FORMAL DISCLOSURE NOTICE & LITIGATION HOLD_ Historic Significance, Planning Approvals, and Displaced_19e8392c6e4def65.txt (6515 chars)
[631/715] ID=19e83e88b2d43a0e (FOI, Great House Farm, Llandough)
    TEXT SAVED: RE_ Great House Farm_ Church View Close, Llandough, nr. Penarth, Vale of Glamorgan (ATISN 27021)_19e83e88b2d43a0e.txt (6957 chars)
[632/715] ID=19e8539cccb1c462 (Llandough)
    TEXT SAVED: You appeared in recent searches_19e8539cccb1c462.txt (8377 chars)
[633/715] ID=19e853aba99da40a (FOI, Great House Farm, Llandough)
    TEXT SAVED: Re_ Great House Farm_ Church View Close, Llandough, nr. Penarth, Vale of Glamorgan (ATISN 27021)_19e853aba99da40a.txt (7581 chars)
[634/715] ID=19e853c4c0a17b82 (land registry, FOI, Great House Farm, Llandough)
    TEXT SAVED: Re_ FORMAL DISCLOSURE NOTICE & LITIGATION HOLD_ Historic Significance, Planning Approvals, and Displ_19e853c4c0a17b82.txt (8876 chars)
[635/715] ID=19e853cfcd2dc729 (land registry, FOI, Great House Farm, Llandough)
    TEXT SAVED: Re_ FORMAL DISCLOSURE NOTICE & LITIGATION HOLD_ Historic Significance, Planning Approvals, and Displ_19e853cfcd2dc729.txt (6991 chars)
[636/715] ID=19e859fe4042e635 (Great House Farm, BP vs Buckler)
    TEXT SAVED: Yo 2_19e859fe4042e635.txt (4218 chars)
[637/715] ID=19e85b444bb74bb5 (Llandough)
    TEXT SAVED: Craig Murney - Portfolio Director reacted to this post_ Anyone who has written a full…_19e85b444bb74bb5.txt (7746 chars)
[638/715] ID=19e86b0757252ef2 (Great House Farm)
    TEXT SAVED: Request for Clarification of Correspondence – Title WA231076_19e86b0757252ef2.txt (1881 chars)
[639/715] ID=19e86b2fbf633cdd (land registry, FOI)
    TEXT SAVED: Enquiry_  260602-6249146_19e86b2fbf633cdd.txt (3141 chars)
[640/715] ID=19e86bbea7216c11 (Llandough, BP vs Buckler)
    TEXT SAVED: Tŷ Mawr (Casa Grande), Llandough, Gales_19e86bbea7216c11.txt (4834 chars)
[641/715] ID=19e86bde6f9fa3c9 (Llandough, BP vs Buckler)
    TEXT SAVED: Fwd_ Tŷ Mawr (Casa Grande), Llandough, Gales_19e86bde6f9fa3c9.txt (5069 chars)
[642/715] ID=19e86c2d35a836b4 (Llandough, BP vs Buckler)
    TEXT SAVED: Fwd_ Tŷ Mawr (Casa Grande), Llandough, Gales_19e86c2d35a836b4.txt (5635 chars)
[643/715] ID=19e86c3cd50709a7 (FOI, Great House Farm, Llandough)
    TEXT SAVED: RE_ Great House Farm_ Church View Close, Llandough, nr. Penarth, Vale of Glamorgan (ATISN 27021)_19e86c3cd50709a7.txt (8702 chars)
[644/715] ID=19e86cf14593ddcf (Llandough, BP vs Buckler)
    TEXT SAVED: Fwd_ Tŷ Mawr (Casa Grande), Llandough, Gales_19e86cf14593ddcf.txt (5069 chars)
[645/715] ID=19e8707e905d3c56 (Great House Farm, Llandough)
    TEXT SAVED: Please update the status of your request - 1988 Dispossession of Great House Farm, Llandough from th_19e8707e905d3c56.txt (1033 chars)
[646/715] ID=19e874d1cfd7c1ae (FOI, Great House Farm, Llandough)
    TEXT SAVED: ATISN 27021_19e874d1cfd7c1ae.txt (9616 chars)
[647/715] ID=19e87e7acb0b7267 (land registry, FOI, Great House Farm, Llandough)
    TEXT SAVED: FORMAL DISCLOSURE NOTICE & LITIGATION HOLD_ Historic Significance, Planning Approvals, and Displaced_19e87e7acb0b7267.txt (7830 chars)
[648/715] ID=19e87f7c5c4446a7 (land registry, FOI, Great House Farm, Llandough)
    TEXT SAVED: EIR_FOI request - 00210772_19e87f7c5c4446a7.txt (12953 chars)
[649/715] ID=19e88abcbf594a52 (Llandough)
    TEXT SAVED: Turn Your Insight Into Influence_19e88abcbf594a52.txt (8160 chars)
[650/715] ID=19e89fb0ac62ef2d (Llandough)
    TEXT SAVED: 💬 Sion, add Mark Pritchard_19e89fb0ac62ef2d.txt (5505 chars)
[651/715] ID=19e8a5fb3abca2e1 (Llandough)
    TEXT SAVED: You appeared in recent searches_19e8a5fb3abca2e1.txt (6139 chars)
[652/715] ID=19e8ad6c6819d4a1 (Llandough)
    TEXT SAVED: 5 profile views_19e8ad6c6819d4a1.txt (3709 chars)
[653/715] ID=19e8c5136785a166 (Great House Farm, Llandough)
    TEXT SAVED: no_subject_19e8c5136785a166.txt (1461 chars)
[654/715] ID=19e8c530bebecd78 (Great House Farm, Llandough)
    TEXT SAVED: Ref_ WA231076 _  WA240304_19e8c530bebecd78.txt (1461 chars)
[655/715] ID=19e8c6c9e41fb0ec (land registry, FOI, Great House Farm, Llandough)
    TEXT SAVED: WA231076 _ WA240304 – request to confirm scope of first registration file records_19e8c6c9e41fb0ec.txt (4043 chars)
[656/715] ID=19e8c6ff570c0bf0 (FOI, Great House Farm, Llandough)
    TEXT SAVED: Re_ last email_19e8c6ff570c0bf0.txt (1788 chars)
[657/715] ID=19e8de970db88555 (FOI)
    TEXT SAVED: Request for Preservation of Records – WA231076 _ WA240304 (First Registration Files)_19e8de970db88555.txt (1130 chars)
[658/715] ID=19e8deb94c47d338 (land registry, FOI)
    TEXT SAVED: Enquiry_  260603-6261072_19e8deb94c47d338.txt (3141 chars)
[659/715] ID=19e8ffd43edf7e34 (Great House Farm, Llandough)
    TEXT SAVED: Ben Wilson - Managing Director reacted to this post_ Sad to see Arne Slot leave…_19e8ffd43edf7e34.txt (7914 chars)
[660/715] ID=19e9226652ed65aa (land registry, Great House Farm, Llandough, BP vs Buckler)
    TEXT SAVED: Great House Farm_19e9226652ed65aa.txt (1199 chars)
[661/715] ID=19e927ebefb5d1de (Great House Farm)
    TEXT SAVED: Great House Farm_19e927ebefb5d1de.txt (2 chars)
[662/715] ID=19e932cec78222f5 (land registry, Great House Farm, Llandough)
    TEXT SAVED: Re_ Request for Referral to the Parliamentary and Health Service Ombudsman – HM Land Registry Compla_19e932cec78222f5.txt (6147 chars)
[663/715] ID=19e9360fb1d8918b (land registry, Great House Farm, Llandough)
    TEXT SAVED: RE_ FORMAL DISCLOSURE NOTICE & LITIGATION HOLD_ Historic Significance, Planning Approvals, and Displ_19e9360fb1d8918b.txt (8036 chars)
[664/715] ID=19e9447e2119be18 (Great House Farm, Llandough)
    TEXT SAVED: 💬 Sion, add Chris Smyth_19e9447e2119be18.txt (5859 chars)
[665/715] ID=19e94905d88afff2 (Llandough)
    TEXT SAVED: Hywel, you're now a member of Llandough Community ❤_19e94905d88afff2.txt (1519 chars)
[666/715] ID=19e94ac80d37694d (Great House Farm, Llandough)
    TEXT SAVED: You appeared in 1 searches this week_19e94ac80d37694d.txt (6015 chars)
[667/715] ID=19e96061aaa9978b (land registry, Great House Farm, Llandough)
    TEXT SAVED: Re_ FORMAL DISCLOSURE NOTICE & LITIGATION HOLD_ Historic Significance, Planning Approvals, and Displ_19e96061aaa9978b.txt (10356 chars)
[668/715] ID=19e962ac81eaa2a2 (land registry, FOI, Great House Farm, Llandough)
    TEXT SAVED: Re_ RC26-0205 - Great House Farm, Williams_ Buckler Family, Llandough, Vale of Glamorgan_19e962ac81eaa2a2.txt (8471 chars)
[669/715] ID=19e962b283bf7b5d (Great House Farm, Llandough)
    TEXT SAVED: Automatic reply_ RC26-0205 - Great House Farm, Williams_ Buckler Family, Llandough, Vale of Glamorga_19e962b283bf7b5d.txt (372 chars)
[670/715] ID=19e979aac22f31e1 (Great House Farm, Llandough)
    TEXT SAVED: Great House Farm - Williams_ Buckler_19e979aac22f31e1.txt (945 chars)
[671/715] ID=19e979bee986a735 (Great House Farm, Llandough)
    TEXT SAVED: Great House Farm, Llandough - Williams_ Buckler Family_19e979bee986a735.txt (17 chars)
[672/715] ID=19e9898a51e2c6cb (Great House Farm, Llandough)
    TEXT SAVED: Addison Burley, Senior Inbound Account Executive, is popular in your network_19e9898a51e2c6cb.txt (2766 chars)
[673/715] ID=19e98e55fd4024a5 (Great House Farm, Llandough)
    TEXT SAVED: no_subject_19e98e55fd4024a5.txt (1228 chars)
[674/715] ID=19e99c115aafc073 (Great House Farm, Llandough, BP vs Buckler)
    TEXT SAVED: Great House Farm, Llandough_19e99c115aafc073.txt (341 chars)
[675/715] ID=19e99d2e246d8684 (Great House Farm, Llandough)
    TEXT SAVED: You appeared in 1 searches this week_19e99d2e246d8684.txt (8004 chars)
[676/715] ID=19e9a49c497a2d7b (Great House Farm, Llandough)
    TEXT SAVED: 4 profile views_19e9a49c497a2d7b.txt (3775 chars)
[677/715] ID=19e9a6fed204d12d (Great House Farm, Llandough, BP vs Buckler)
    TEXT SAVED: Support for the Great House Farm (Ty Mawr, Llandough) Heritage Project_19e9a6fed204d12d.txt (1620 chars)
[678/715] ID=19e9ab7c7f03a4bb (Great House Farm, Llandough)
    TEXT SAVED: Andreas Arakapiotis and others share their thoughts on LinkedIn_19e9ab7c7f03a4bb.txt (6822 chars)
[679/715] ID=19e9e946a23e5483 (Great House Farm, Llandough)
    TEXT SAVED: 💬 Sion, add Nasir Shiraz_19e9e946a23e5483.txt (5559 chars)
[680/715] ID=19e9eefa84c82980 (Great House Farm, Llandough)
    TEXT SAVED: Sion Hywel, your profile name was changed_19e9eefa84c82980.txt (2710 chars)
[681/715] ID=19ea053997d422b9 (Llandough, BP vs Buckler)
    TEXT SAVED: Church View Close, Llandough_19ea053997d422b9.txt (1270 chars)
[682/715] ID=19ea094cbd60e976 (FOI, Great House Farm, Llandough, BP vs Buckler)
    TEXT SAVED: Planning Permission Church View Close, Llandough_19ea094cbd60e976.txt (1720 chars)
[683/715] ID=19ea0c4734421b17 (land registry, FOI, Great House Farm, Llandough, BP vs Buckler)
    TEXT SAVED: Re_ EIR_FOI request - 00210772 (Great House Farm _ Church View Close, Llandough) – Further Clarifica_19ea0c4734421b17.txt (2586 chars)
[684/715] ID=19ea0ec0e669738a (Great House Farm, Llandough, BP vs Buckler)
    TEXT SAVED: Great House Farm _ Ty Mawr, Llandough – Further Evidence of 1988 Involvement & Request for Comprehen_19ea0ec0e669738a.txt (2610 chars)
[685/715] ID=19ea12f74d5c8e44 (FOI, Great House Farm, Llandough)
    TEXT SAVED: FOI_EIR Request – 1988 Police_Bailiff Involvement in Dispossession at Great House Farm (Ty Mawr), Ll_19ea12f74d5c8e44.txt (1255 chars)
[686/715] ID=19ea130f935c7bc9 (Great House Farm, Llandough)
    TEXT SAVED: Formal Request for Information & Litigation Hold – Great House Farm Dispossession 1988 (Williams_Buc_19ea130f935c7bc9.txt (813 chars)
[687/715] ID=19ea134f249ea27a (Great House Farm, Llandough)
    TEXT SAVED: Request for Access to Bute Estate _ Western Ground Rents Records – Great House Farm, Llandough (Will_19ea134f249ea27a.txt (622 chars)
[688/715] ID=19ea148a9088115e (Great House Farm, Llandough)
    TEXT SAVED: EIR Request - Historic Water Supply Records for Great House Farm, Llandough (Mary Williams_Buckler, _19ea148a9088115e.txt (621 chars)
[689/715] ID=19ea14a078060240 (Great House Farm, Llandough)
    TEXT SAVED: Subject_ Research Enquiry - Great House Farm, Llandough (Williams_Buckler, Bute Estates, Daniel Thom_19ea14a078060240.txt (378 chars)
[690/715] ID=19ea14bba2b2e7c1 (FOI, Great House Farm, Llandough)
    TEXT SAVED: Subject_ FOI - Location & Access to Historical Court Records (Great House Farm, Llandough)_19ea14bba2b2e7c1.txt (301 chars)
[691/715] ID=19ea14d9d2fcc6fe (Great House Farm, Llandough)
    TEXT SAVED: Your submission to LibAnswers was received._19ea14d9d2fcc6fe.txt (1995 chars)
[692/715] ID=19ea151e3339fc29 (FOI, Great House Farm, Llandough)
    TEXT SAVED: FOI_19ea151e3339fc29.txt (213 chars)
[693/715] ID=19ea154723e73765 (Great House Farm, Llandough)
    TEXT SAVED: Great House Farm, Llandough_19ea154723e73765.txt (249 chars)
[694/715] ID=19ea270b0afe9b58 (FOI, Great House Farm, Llandough)
    TEXT SAVED: Automatic reply_ Subject_ FOI - Location & Access to Historical Court Records (Great House Farm, Lla_19ea270b0afe9b58.txt (1541 chars)
[695/715] ID=19ea41f73e09c3ac (Great House Farm, Llandough)
    TEXT SAVED: GitHub shared a post_ Tanner Linsley used AI to rebuild React with only the…_19ea41f73e09c3ac.txt (4746 chars)
[696/715] ID=19ea6115dd775a77 (FOI, Great House Farm, Llandough)
    TEXT SAVED: RE_ FOI_19ea6115dd775a77.txt (2604 chars)
[697/715] ID=19ea65acab5ea0dc (land registry, FOI, Great House Farm, Llandough)
    TEXT SAVED: RC26-0205 - Great House Farm, Williams_ Buckler Family, Llandough, Vale of Glamorgan - Details of Ar_19ea65acab5ea0dc.txt (10317 chars)
[698/715] ID=19ea68e30b0fad04 (Great House Farm, Llandough)
    TEXT SAVED: RE_ Great House Farm, Llandough_19ea68e30b0fad04.txt (3658 chars)
[699/715] ID=19ea6f6629e150d8 (Great House Farm, Llandough)
    TEXT SAVED: David just messaged you_19ea6f6629e150d8.txt (3012 chars)
[700/715] ID=19ea79d2c6e4d6a0 (Great House Farm, Llandough)
    TEXT SAVED: Sion Hywel, your posts got 7 impressions last week_19ea79d2c6e4d6a0.txt (2618 chars)
[701/715] ID=19ea9bca7953e41d (FOI, Great House Farm, Llandough, BP vs Buckler)
    TEXT SAVED: Re_ Great House Farm, Llandough_19ea9bca7953e41d.txt (6551 chars)
[702/715] ID=19ea9c008785ee13 (land registry, FOI, Great House Farm, Llandough, BP vs Buckler)
    TEXT SAVED: Re_ RC26-0205 - Great House Farm, Williams_ Buckler Family, Llandough, Vale of Glamorgan - Details o_19ea9c008785ee13.txt (13638 chars)
[703/715] ID=19ea9c940f52581e (Great House Farm, Llandough)
    TEXT SAVED: Coflein Government Archives Evidence for Great House Farm _ Ty Mawr - Williams Family Ownership Clai_19ea9c940f52581e.txt (2727 chars)
[704/715] ID=19eaa2abbee2410b (Great House Farm, Llandough)
    TEXT SAVED: Diego Cánovas Cánovas - Shipping Advisor reacted to this post_ It was a great pleasure to…_19eaa2abbee2410b.txt (7946 chars)
[705/715] ID=19eaa58901e71e6e (land registry, Great House Farm, Llandough, BP vs Buckler)
    TEXT SAVED: Great House Farm, Llandough, Wales_19eaa58901e71e6e.txt (10222 chars)
[706/715] ID=19eab29b71115290 (Great House Farm, Llandough)
    TEXT SAVED: Please update the status of your request - 1988 Dispossession of Great House Farm, Llandough from th_19eab29b71115290.txt (1033 chars)
[707/715] ID=19ead60b9c35e41b (land registry, FOI, Great House Farm, Llandough, BP vs Buckler)
    TEXT SAVED: RE_ EIR_FOI request - 00210772 (Great House Farm _ Church View Close, Llandough) – Further Clarifica_19ead60b9c35e41b.txt (4015 chars)
[708/715] ID=19eae6c4d1882cef (Great House Farm, Llandough)
    TEXT SAVED: Ministry of Justice UK shared a post_ What can volunteering as a magistrate…_19eae6c4d1882cef.txt (6596 chars)
[709/715] ID=19eaee3534690d75 (Great House Farm, Llandough)
    TEXT SAVED: 5 profile views_19eaee3534690d75.txt (3809 chars)
[710/715] ID=19eaf9f4ea61801a (Great House Farm, Llandough)
    TEXT SAVED: Request for Access to Historical Court Records – Great House Farm (Ty Mawr), Llandough_19eaf9f4ea61801a.txt (1832 chars)
[711/715] ID=19eb1a3f62dd725e (land registry, FOI, Great House Farm, Llandough, BP vs Buckler)
    EXISTS: LES16 Price List 2026.pdf
    EXISTS: LES17 Licence Fees 2026.pdf
    TEXT SAVED: RC26-0205 - Great House Farm, Williams_ Buckler Family, Llandough, Vale of Glamorgan - Further Detai_19eb1a3f62dd725e.txt (17837 chars)
[712/715] ID=19eb1f741552f181 (Great House Farm, Llandough)
    TEXT SAVED: David Ogden sent you a message 3 days ago_19eb1f741552f181.txt (2549 chars)
[713/715] ID=19eb30b008362973 (land registry, FOI, Great House Farm, Llandough, Mrs Williams, BP vs Buckler)
    TEXT SAVED: Re_ RC26-0205 - Great House Farm, Williams_ Buckler Family, Llandough, Vale of Glamorgan - Further D_19eb30b008362973.txt (42329 chars)
[714/715] ID=19eb30bb29961396 (Great House Farm, Llandough)
    TEXT SAVED: Re_ RC26-0205 - Great House Farm, Williams_ Buckler Family, Llandough, Vale of Glamorgan - Further D_19eb30bb29961396.txt (5140 chars)
[715/715] ID=19eb32de029910fe (Great House Farm, Llandough)
    TEXT SAVED: 💬 Sion Hywel, add Antony Chesworth_19eb32de029910fe.txt (5751 chars)

======================================================================
FINAL REPORT
======================================================================

Total unique messages processed: 715
Errors encountered: 0


--- land registry ---
  Messages found in search: 154
  New PDFs downloaded: 19
    - 2022-12-29_summary_of_title_WA386796 _GOV.UK.pdf
    - Business_Plan_Wave_Telecom_V1.4.pdf
    - CSPrintAndSaveServlet.pdf
    - Correspondence.pdf
    - DRN7697632.pdf
    - EVR Network (2).pdf
    - EVR Network _2_.pdf
    - Equifax_credit_Rpt_.pdf
    - F260213.pdf
    - Forensic Restitution Estimate _ 0.2.pdf
    - Forensic_Evaluation_and_Restitutionary_Brief_Ty_Mawr_v0.6_clean.pdf
    - Great_House_Farm_Timeline.pdf
    - InvestorsGuide2.pdf
    - LES16 Price List 2026.pdf
    - LES17 Licence Fees 2026.pdf
    - SMF-22C-617112110560.pdf
    - TO130237 Sion Buckler.pdf
    - TyMawr_LitigationFunding_v0.1.pdf
    - efx-creditreport-25102023 (1).pdf
  New text files saved: 80
    - ATB/RE: ATB/RE: Formal Notice Follow Up: Resolution of Historical Dispossession and Fraud – Great House Farm, Llandough, Vale of Glamorgan
    - ATB/RE: Formal Notice Follow Up: Resolution of Historical Dispossession and Fraud – Great House Farm, Llandough, Vale of Glamorgan
    - Automatic reply: Request for Referral to the Parliamentary and Health Service Ombudsman – HM Land Registry Complaint
    - Automatic reply: Subject: Freedom of Information Request - Ty Mawr (Great House), Llandough, near Penarth (1938-1987) F260213
    - BP vs Buckler 1987 Thatcher & SAS
    - CAS-315609 CRM:009700964
    - Complaint regarding failure of response by public bodies and concerns about maladministration and historic property dispute handling
    - EIR/FOI request - 00210772
    - Enquiry:  260214-5794105
    - Enquiry:  260419-6067119
    - Enquiry:  260602-6249146
    - Enquiry:  260603-6261072
    - FORMAL DISCLOSURE NOTICE & LITIGATION HOLD: Historic Significance, Planning Approvals, and Displaced Family Tenancy Records for Great House Farm, Llandough (FOIA/EIR Request)
    - FORMAL DISCLOSURE NOTICE & LITIGATION HOLD: Historic Significance, Planning Approvals, and Displaced Family Tenancy Records for Great House Farm, Llandough (FOIA/EIR Request) [Incident: 260529-000204]
    - FW: Manor of Llandough - MDR Entries
    - Formal Notice Follow Up: Resolution of Historical Dispossession and Fraud – Great House Farm, Llandough, Vale of Glamorgan
    - Formal Notice for Record: Church View Close, Llandough / BP vs Buckler 1987
    - Formal Notice for Record: Church View Close, Llandough, Vale of Glamorgan, Wales / BP vs Buckler 1987
    - Freedom of Information Request F260213
    - Further to Your Enquiry: Ref: 260214-5794105
    - Fwd: Formal Notice Follow Up: Resolution of Historical Dispossession and Fraud – Great House Farm, Llandough, Vale of Glamorgan
    - Fwd: Setting Aside BP vs Buckler 1987 on grounds of fraud
    - Fwd: Your Ref: EDD Our Ref: WA231076/A/216/LG
    - Great House Farm
    - Great House Farm, Llandough, Wales
    - Great House Farm, Williams/ Buckler Family, Llandough, Vale of Glamorgan
    - Hey Kiro. Here's more on BP vs Buckler 1987
    - Invitation for Funding Bid – Chancery Property Claim (Great House Farm)
    - RC26-0205 - Great House Farm, Williams/ Buckler Family, Llandough, Vale of Glamorgan
    - RC26-0205 - Great House Farm, Williams/ Buckler Family, Llandough, Vale of Glamorgan - Details of Archives
    - RC26-0205 - Great House Farm, Williams/ Buckler Family, Llandough, Vale of Glamorgan - Further Details of Archives
    - RE: Cais am Ddeiseb ac Ymchwiliad Cyhoeddus: Achos Buckler v BP (1987) a Dinistr Great House Farm, Llandough / Formal Request for Inquiry: The Great House Farm Dispossession (BP vs Buckler)
    - RE: EIR/FOI request - 00210772 (Great House Farm / Church View Close, Llandough) – Further Clarification and Request for Full Disclosure
    - RE: Epexio contact us form submission
    - RE: FORMAL ALLEGATION OF FRAUD: Ref: 260202-5732372
    - RE: FORMAL DISCLOSURE NOTICE & LITIGATION HOLD: Historic Significance, Planning Approvals, and Displaced Family Tenancy Records for Great House Farm, Llandough (FOIA/EIR Request)
    - RE: FW: Manor of Llandough - MDR Entries
    - RE: Formal Notice Follow Up: Resolution of Historical Dispossession and Fraud – Great House Farm, Llandough, Vale of Glamorgan
    - RE: Great House Farm, Williams/ Buckler Family, Llandough, Vale of Glamorgan
    - RE: Manor of Llandough - MDR Entries
    - RE: Subject: Freedom of Information Request - Ty Mawr (Great House), Llandough, near Penarth (1938-1987) F260213
    - Re: ATB/RE: ATB/RE: Formal Notice Follow Up: Resolution of Historical Dispossession and Fraud – Great House Farm, Llandough, Vale of Glamorgan
    - Re: ATB/RE: Formal Notice Follow Up: Resolution of Historical Dispossession and Fraud – Great House Farm, Llandough, Vale of Glamorgan
    - Re: CAS-315609 CRM:009700964
    - Re: EIR/FOI request - 00210772 (Great House Farm / Church View Close, Llandough) – Further Clarification and Request for Full Disclosure
    - Re: Epexio contact us form submission
    - Re: FORMAL DISCLOSURE NOTICE & LITIGATION HOLD: Historic Significance, Planning Approvals, and Displaced Family Tenancy Records for Great House Farm, Llandough (FOIA/EIR Request)
    - Re: FORMAL DISCLOSURE NOTICE & LITIGATION HOLD: Historic Significance, Planning Approvals, and Displaced Family Tenancy Records for Great House Farm, Llandough (FOIA/EIR Request) [Incident: 260529-000204]
    - Re: FW: Manor of Llandough - MDR Entries
    - Re: Formal Notice for Record: Church View Close, Llandough / BP vs Buckler 1987
    - Re: Great House Farm
    - Re: Great House Farm, Williams/ Buckler Family, Llandough, Vale of Glamorgan
    - Re: Manor of Llandough - MDR Entries
    - Re: RC26-0205 - Great House Farm, Williams/ Buckler Family, Llandough, Vale of Glamorgan
    - Re: RC26-0205 - Great House Farm, Williams/ Buckler Family, Llandough, Vale of Glamorgan - Details of Archives
    - Re: RC26-0205 - Great House Farm, Williams/ Buckler Family, Llandough, Vale of Glamorgan - Further Details of Archives
    - Re: Request for Referral to the Parliamentary and Health Service Ombudsman – HM Land Registry Complaint (Case Ref: KN806)
    - Re: Resolution of Historical Dispossession and Fraud – Great House Farm, Llandough, Vale of Glamorgan
    - Re: Setting Aside BP vs Buckler 1987 on grounds of BP with our stolen paper title and identity fraud, court mistakes and procedural unfairness & more
    - Re: Setting Aside BP vs Buckler 1987 on grounds of fraud
    - Re: Subject: Freedom of Information Request - Ty Mawr (Great House), Llandough, near Penarth (1938-1987) F260213
    - Re: Subject: Stage Two Complaint – Title WA231076 – Alleged Mistake in the Register
    - Re: Title WA231076 / Ty Mawr Farm – Allegation of Fraud, Mistake and Request for Escalation to Legal
    - Re: Williams Title & Estate, Llandough
    - Re: Your Ref: EDD Our Ref: WA231076/A/216/KH
    - Re: Your Ref: EDD Our Ref: WA231076/A/216/LG
    - Re: Your Ref: EDD Our Ref: WA231076/A/216/MC
    - Request for Referral to the Parliamentary and Health Service Ombudsman – HM Land Registry Complaint
    - Resolution of Historical Dispossession and Fraud – Great House Farm, Llandough, Vale of Glamorgan
    - Setting Aside BP vs Buckler 1987 on grounds of fraud
    - Subject: Freedom of Information Request - Ty Mawr (Great House), Llandough, near Penarth (1938-1987)
    - Subject: Stage Two Complaint – Title WA231076 – Alleged Mistake in the Register
    - Title Fraud and Procedural Concealment – Church View Close, Llandough (formerly Great House Farm/ "Ty Mawr")
    - Undeliverable: FORMAL DISCLOSURE NOTICE & LITIGATION HOLD: Historic Significance, Planning Approvals, and Displaced Family Tenancy Records for Great House Farm, Llandough (FOIA/EIR Request)
    - WA231076 / WA240304 – request to confirm scope of first registration file records
    - Your Ref: EDD Our Ref: WA231076/A/216/CT
    - Your Ref: EDD Our Ref: WA231076/A/216/KH
    - Your Ref: EDD Our Ref: WA231076/A/216/LG
    - Your Ref: EDD Our Ref: WA231076/A/216/MC
    - Your complaint – how did we do?

--- FOI ---
  Messages found in search: 203
  New PDFs downloaded: 10
    - 26573865_1_Bright Sun Assignment-C1-C1.pdf
    - 26574758_1_http___epas.uspto.gov_com_receipt Assignment Bright Sun to Go...-C1-C1.pdf
    - AFW Application Form (2014).pdf
    - F260213.pdf
    - HMT_Early_access_PenSavings_Dec10.pdf
    - IMG_20240305_163751 (1).pdf
    - LES16 Price List 2026.pdf
    - LES17 Licence Fees 2026.pdf
    - UK_Watchlist_Report.pdf
    - Whistleblower Declaration Sion Buckler (1).pdf
  New text files saved: 60
    - ATB/RE: ATB/RE: Formal Notice Follow Up: Resolution of Historical Dispossession and Fraud – Great House Farm, Llandough, Vale of Glamorgan
    - ATB/RE: Formal Notice Follow Up: Resolution of Historical Dispossession and Fraud – Great House Farm, Llandough, Vale of Glamorgan
    - ATISN 27021
    - Automatic reply: Our Reference: LPB/26/0781
    - Automatic reply: Subject: FOI - Location & Access to Historical Court Records (Great House Farm, Llandough)
    - Automatic reply: Subject: Freedom of Information Request - Ty Mawr (Great House), Llandough, near Penarth (1938-1987) F260213
    - Clarification required - FOI/EIR request - Case Ref/ 00210772
    - Delivery Status Notification (Failure)
    - EIR/FOI request - 00210772
    - Enquiry:  260214-5794105
    - Enquiry:  260419-6067119
    - Enquiry:  260602-6249146
    - Enquiry:  260603-6261072
    - FOI
    - FOI/EIR Request – 1988 Police/Bailiff Involvement in Dispossession at Great House Farm (Ty Mawr), Llandough (Ref: Buckler/Williams Family, BP Properties)

    - FOI/EIR request - Case Ref/ 00210772
    - FORMAL DISCLOSURE NOTICE & LITIGATION HOLD: Historic Significance, Planning Approvals, and Displaced Family Tenancy Records for Great House Farm, Llandough (FOIA/EIR Request)
    - FORMAL DISCLOSURE NOTICE & LITIGATION HOLD: Historic Significance, Planning Approvals, and Displaced Family Tenancy Records for Great House Farm, Llandough (FOIA/EIR Request) [Incident: 260529-000204]
    - Formal Notice Follow Up: Resolution of Historical Dispossession and Fraud – Great House Farm, Llandough, Vale of Glamorgan
    - Freedom of Information Request F260213
    - Fwd: Formal Notice Follow Up: Resolution of Historical Dispossession and Fraud – Great House Farm, Llandough, Vale of Glamorgan
    - Great House Farm, Williams/ Buckler Family, Llandough, Vale of Glamorgan
    - Great House Farm/ Church View Close, Llandough, nr. Penarth, Vale of Glamorgan
    - New response to your FOI request - 1988 Dispossession of Great House Farm, Llandough from the Williams/ Buckler Family
    - New response to your FOI request - Freedom of Information Request – Administrative Records for BP Properties Ltd v Buckler (1974)
    - Planning Permission Church View Close, Llandough
    - Please update the status of your request - Freedom of Information Request – Administrative Records for BP Properties Ltd v Buckler (1974)
    - RC26-0205 - Great House Farm, Williams/ Buckler Family, Llandough, Vale of Glamorgan
    - RC26-0205 - Great House Farm, Williams/ Buckler Family, Llandough, Vale of Glamorgan - Details of Archives
    - RC26-0205 - Great House Farm, Williams/ Buckler Family, Llandough, Vale of Glamorgan - Further Details of Archives
    - RE: EIR/FOI request - 00210772 (Great House Farm / Church View Close, Llandough) – Further Clarification and Request for Full Disclosure
    - RE: FOI
    - RE: FORMAL DISCLOSURE NOTICE & LITIGATION HOLD: Historic Significance, Planning Approvals, and Displaced Family Tenancy Records for Great House Farm, Llandough (FOIA/EIR Request)
    - RE: Formal Notice Follow Up: Resolution of Historical Dispossession and Fraud – Great House Farm, Llandough, Vale of Glamorgan
    - RE: Great House Farm, Williams/ Buckler Family, Llandough, Vale of Glamorgan
    - RE: Great House Farm/ Church View Close, Llandough, nr. Penarth, Vale of Glamorgan (ATISN 27021)
    - RE: Subject: Freedom of Information Request - Ty Mawr (Great House), Llandough, near Penarth (1938-1987) F260213
    - Re: ATB/RE: ATB/RE: Formal Notice Follow Up: Resolution of Historical Dispossession and Fraud – Great House Farm, Llandough, Vale of Glamorgan
    - Re: ATB/RE: Formal Notice Follow Up: Resolution of Historical Dispossession and Fraud – Great House Farm, Llandough, Vale of Glamorgan
    - Re: EIR/FOI request - 00210772 (Great House Farm / Church View Close, Llandough) – Further Clarification and Request for Full Disclosure
    - Re: FORMAL DISCLOSURE NOTICE & LITIGATION HOLD: Historic Significance, Planning Approvals, and Displaced Family Tenancy Records for Great House Farm, Llandough (FOIA/EIR Request)
    - Re: FORMAL DISCLOSURE NOTICE & LITIGATION HOLD: Historic Significance, Planning Approvals, and Displaced Family Tenancy Records for Great House Farm, Llandough (FOIA/EIR Request) [Incident: 260529-000204]
    - Re: Great House Farm
    - Re: Great House Farm, Llandough
    - Re: Great House Farm, Williams/ Buckler Family, Llandough, Vale of Glamorgan
    - Re: Great House Farm/ Church View Close, Llandough, nr. Penarth, Vale of Glamorgan (ATISN 27021)
    - Re: RC26-0205 - Great House Farm, Williams/ Buckler Family, Llandough, Vale of Glamorgan
    - Re: RC26-0205 - Great House Farm, Williams/ Buckler Family, Llandough, Vale of Glamorgan - Details of Archives
    - Re: RC26-0205 - Great House Farm, Williams/ Buckler Family, Llandough, Vale of Glamorgan - Further Details of Archives
    - Re: Resolution of Historical Dispossession and Fraud – Great House Farm, Llandough, Vale of Glamorgan
    - Re: Subject: Freedom of Information Request - Ty Mawr (Great House), Llandough, near Penarth (1938-1987) F260213
    - Re: last email
    - Request for Access to Historic Administrative Records – Cardiff County Court 1974
    - Request for Preservation of Records – WA231076 / WA240304 (First Registration Files)
    - Resolution of Historical Dispossession and Fraud – Great House Farm, Llandough, Vale of Glamorgan
    - Subject: FOI - Location & Access to Historical Court Records (Great House Farm, Llandough)
    - Subject: Freedom of Information Request - Ty Mawr (Great House), Llandough, near Penarth (1938-1987)
    - Undeliverable: FORMAL DISCLOSURE NOTICE & LITIGATION HOLD: Historic Significance, Planning Approvals, and Displaced Family Tenancy Records for Great House Farm, Llandough (FOIA/EIR Request)
    - WA231076 / WA240304 – request to confirm scope of first registration file records
    - Whoever Comes After Starmer, Britain's Populist Revolt Will Only Grow

--- Great House Farm ---
  Messages found in search: 265
  New PDFs downloaded: 28
    - 1988-07-29 - Barn at Great House Farmhouse, Llandough - survey photo.pdf
    - 1988-07-29 - Great House Farmhouse, Llandough - survey photo.pdf
    - 1990-08-xx - Great House Farmhouse, Llandough - GGAT Assessment.pdf
    - Buckler_Final_All_In_One_Report.pdf
    - Declaration of Single Status (1).pdf
    - F260213.pdf
    - Forensic Questions for the Court_Commission_ Ty Mawr (1).pdf
    - Forensic Restitution Estimate _ 0.2.pdf
    - Forensic_Evaluation_and_Restitutionary_Brief_Ty_Mawr_v0.6_clean.pdf
    - GHF Restitutionary Claim Forensic Evaluation_ v0.5.pdf
    - Great House Farm Reboot.pdf
    - Great_House_Farm_Timeline (1) (1).pdf
    - Great_House_Farm_Timeline.pdf
    - Green Zone - Buffer Zone - UK - 1.0 (2).pdf
    - Green Zone - Buffer Zone - UK - 1.1.pdf
    - LES16 Price List 2025.pdf
    - LES16 Price List 2026.pdf
    - LES17 Licence Fees 2026.pdf
    - MARDELLJoshuaDepositCopyThesisMarch2019 (1).pdf
    - MARDELLJoshuaDepositCopyThesisMarch2019.pdf
    - TO130237 Sion Buckler.pdf
    - TyMawr_CrynodebGweithredol_v0.1 (1).pdf
    - TyMawr_LitigationFunding_v0.1.pdf
    - WWFM-DSAP IA - Business Case (v0.3) pages 1-7.pdf
    - WWFM-DSAP Integrator Alliance - Business Case Finances - v1.5.pdf
    - Whistleblower Declaration Sion Buckler (1).pdf
    - Whistleblower Declaration Sion Buckler (2).pdf
    - wwfm dsap - corporate structure - version 0.1.pdf
  New text files saved: 141
    - 
    -  Cais am Gyngor Cyfreithiol – Ty Mawr, Llandough
    - 4 profile views
    - 5 profile views
    - ATB/RE: ATB/RE: Formal Notice Follow Up: Resolution of Historical Dispossession and Fraud – Great House Farm, Llandough, Vale of Glamorgan
    - ATB/RE: Cais am Ddeiseb ac Ymchwiliad Cyhoeddus: Achos Buckler v BP (1987) a Dinistr Great House Farm, Llandough / Formal Request for Inquiry: The Great House Farm Dispossession (BP vs Buckler)
    - ATB/RE: Formal Notice Follow Up: Resolution of Historical Dispossession and Fraud – Great House Farm, Llandough, Vale of Glamorgan
    - ATISN 27021
    - Addison Burley, Senior Inbound Account Executive, is popular in your network
    - Andreas Arakapiotis and others share their thoughts on LinkedIn
    - Automatic reply: Automatic reply: FORMAL DISCLOSURE NOTICE & LITIGATION HOLD: Historic Significance, Planning Approvals, and Displaced Family Tenancy Records for Great House Farm, Llandough (FOIA/EIR Request)
    - Automatic reply: BP vs Buckler, Great House Farm, Llandough
    - Automatic reply: FORMAL DISCLOSURE NOTICE & LITIGATION HOLD: Historic Significance, Planning Approvals, and Displaced Family Tenancy Records for Great House Farm, Llandough (FOIA/EIR Request)
    - Automatic reply: Formal Notice Follow Up: Resolution of Historical Dispossession and Fraud – Great House Farm, Llandough, Vale of Glamorgan
    - Automatic reply: RC26-0205 - Great House Farm, Williams/ Buckler Family, Llandough, Vale of Glamorgan
    - Automatic reply: Resolution of Historical Dispossession and Fraud – Great House Farm, Llandough, Vale of Glamorgan
    - Automatic reply: Subject: FOI - Location & Access to Historical Court Records (Great House Farm, Llandough)
    - Automatic reply: Title Fraud and Procedural Concealment – Church View Close, Llandough (formerly Great House Farm/ "Ty Mawr")
    - BP vs Buckler, Great House Farm, Llandough
    - Ben Wilson - Managing Director reacted to this post: Sad to see Arne Slot leave…
    - CAS-315609 CRM:009700964
    - Cais am Gyngor Cyfreithiol – Ty Mawr, Llandough
    - Clarification required - FOI/EIR request - Case Ref/ 00210772
    - Coflein Government Archives Evidence for Great House Farm / Ty Mawr - Williams Family Ownership Claim
    - Complaint regarding failure of response by public bodies and concerns about maladministration and historic property dispute handling
    - David Ogden sent you a message 3 days ago
    - David just messaged you
    - Diego Cánovas Cánovas - Shipping Advisor reacted to this post: It was a great pleasure to…
    - Diverst
    - EIR Request - Historic Water Supply Records for Great House Farm, Llandough (Mary Williams/Buckler, 1950s-1990s)
    - EIR/FOI request - 00210772
    - FOI
    - FOI/EIR Request – 1988 Police/Bailiff Involvement in Dispossession at Great House Farm (Ty Mawr), Llandough (Ref: Buckler/Williams Family, BP Properties)

    - FOI/EIR request - Case Ref/ 00210772
    - FORMAL DISCLOSURE NOTICE & LITIGATION HOLD: Historic Significance, Planning Approvals, and Displaced Family Tenancy Records for Great House Farm, Llandough (FOIA/EIR Request)
    - FORMAL DISCLOSURE NOTICE & LITIGATION HOLD: Historic Significance, Planning Approvals, and Displaced Family Tenancy Records for Great House Farm, Llandough (FOIA/EIR Request) [Incident: 260529-000204]
    - FORMAL NOTICE: State-Sanctioned Dispossession of Great House Farm (Former Estate WA231076)
    - FORMAL NOTICE: Unlawful Dispossession of Great House Farm (Former Estate WA231076)
    - FW: Great House Farm, Llandough (aka Ty Mawr)
    - FW: Manor of Llandough - MDR Entries
    - Formal Notice Follow Up: Resolution of Historical Dispossession and Fraud – Great House Farm, Llandough, Vale of Glamorgan
    - Formal Notice for Record: Church View Close, Llandough / BP vs Buckler 1987
    - Formal Notice for Record: Church View Close, Llandough, Vale of Glamorgan, Wales / BP vs Buckler 1987
    - Formal Request for Information & Litigation Hold – Great House Farm Dispossession 1988 (Williams/Buckler Family, Titles WA231076/WA240304)
    - Freedom of Information Request F260213
    - Fwd: Formal Notice Follow Up: Resolution of Historical Dispossession and Fraud – Great House Farm, Llandough, Vale of Glamorgan
    - GitHub shared a post: Tanner Linsley used AI to rebuild React with only the…
    - Great House Farm
    - Great House Farm - Reperations  V0.5
    - Great House Farm - Williams/ Buckler
    - Great House Farm / Ty Mawr, Llandough – Further Evidence of 1988 Involvement & Request for Comprehensive Records (Ref: Previous Enquiries incl. 21 May 2026)
    - Great House Farm Reparations
    - Great House Farm, Llandough
    - Great House Farm, Llandough - Williams/ Buckler Family
    - Great House Farm, Llandough, Nr Penarth, Vale of Glamorgan
    - Great House Farm, Llandough, Wales
    - Great House Farm, Williams/ Buckler Family, Llandough, Vale of Glamorgan
    - Great House Farm/ Church View Close, Llandough, nr. Penarth, Vale of Glamorgan
    - Hey Kiro. Here's more on BP vs Buckler 1987
    - Historic Adverse Possession Licence Interruption Cases (1950–2000)
    - Invitation for Funding Bid – Chancery Property Claim (Great House Farm)
    - Ministry of Justice UK shared a post: What can volunteering as a magistrate…
    - New response to your FOI request - 1988 Dispossession of Great House Farm, Llandough from the Williams/ Buckler Family
    - Planning Permission Church View Close, Llandough
    - Please update the status of your request - 1988 Dispossession of Great House Farm, Llandough from the Williams/ Buckler Family
    - RC26-0205 - Great House Farm, Williams/ Buckler Family, Llandough, Vale of Glamorgan
    - RC26-0205 - Great House Farm, Williams/ Buckler Family, Llandough, Vale of Glamorgan - Details of Archives
    - RC26-0205 - Great House Farm, Williams/ Buckler Family, Llandough, Vale of Glamorgan - Further Details of Archives
    - RE: Cais am Ddeiseb ac Ymchwiliad Cyhoeddus: Achos Buckler v BP (1987) a Dinistr Great House Farm, Llandough / Formal Request for Inquiry: The Great House Farm Dispossession (BP vs Buckler)
    - RE: EIR/FOI request - 00210772 (Great House Farm / Church View Close, Llandough) – Further Clarification and Request for Full Disclosure
    - RE: Epexio contact us form submission
    - RE: FOI
    - RE: FORMAL ALLEGATION OF FRAUD: Ref: 260202-5732372
    - RE: FORMAL DISCLOSURE NOTICE & LITIGATION HOLD: Historic Significance, Planning Approvals, and Displaced Family Tenancy Records for Great House Farm, Llandough (FOIA/EIR Request)
    - RE: FW: Manor of Llandough - MDR Entries
    - RE: Formal Notice Follow Up: Resolution of Historical Dispossession and Fraud – Great House Farm, Llandough, Vale of Glamorgan
    - RE: Formal Report of Suspected Indigenous Dispossession, Systemic Fraud, and Archaeological Suppression – Great House Farm, Llandough
    - RE: Great House Farm, Llandough
    - RE: Great House Farm, Llandough, Nr Penarth, Vale of Glamorgan
    - RE: Great House Farm, Williams/ Buckler Family, Llandough, Vale of Glamorgan
    - RE: Great House Farm/ Church View Close, Llandough, nr. Penarth, Vale of Glamorgan (ATISN 27021)
    - RE: Historic Adverse Possession Licence Interruption Case(s)
    - RE: Manor of Llandough - MDR Entries
    - RE: Subject: Freedom of Information Request - Ty Mawr (Great House), Llandough, near Penarth (1938-1987) F260213
    - RE: [EXTERNAL] Cais am Gyngor Cyfreithiol – Ty Mawr, Llandough
    - Re: ATB/RE: ATB/RE: Formal Notice Follow Up: Resolution of Historical Dispossession and Fraud – Great House Farm, Llandough, Vale of Glamorgan
    - Re: ATB/RE: Formal Notice Follow Up: Resolution of Historical Dispossession and Fraud – Great House Farm, Llandough, Vale of Glamorgan
    - Re: Automatic reply: FORMAL DISCLOSURE NOTICE & LITIGATION HOLD: Historic Significance, Planning Approvals, and Displaced Family Tenancy Records for Great House Farm, Llandough (FOIA/EIR Request)
    - Re: CAS-315609 CRM:009700964
    - Re: Cais am Ddeiseb ac Ymchwiliad Cyhoeddus: Achos Buckler v BP (1987) a Dinistr Great House Farm, Llandough / Formal Request for Inquiry: The Great House Farm Dispossession (BP vs Buckler)
    - Re: EIR/FOI request - 00210772 (Great House Farm / Church View Close, Llandough) – Further Clarification and Request for Full Disclosure
    - Re: Epexio contact us form submission
    - Re: FORMAL DISCLOSURE NOTICE & LITIGATION HOLD: Historic Significance, Planning Approvals, and Displaced Family Tenancy Records for Great House Farm, Llandough (FOIA/EIR Request)
    - Re: FORMAL DISCLOSURE NOTICE & LITIGATION HOLD: Historic Significance, Planning Approvals, and Displaced Family Tenancy Records for Great House Farm, Llandough (FOIA/EIR Request) [Incident: 260529-000204]
    - Re: FW: Great House Farm, Llandough (aka Ty Mawr)
    - Re: FW: Manor of Llandough - MDR Entries
    - Re: Formal Notice for Record: Church View Close, Llandough / BP vs Buckler 1987
    - Re: Great House Farm
    - Re: Great House Farm, Llandough
    - Re: Great House Farm, Llandough, Nr Penarth, Vale of Glamorgan
    - Re: Great House Farm, Williams/ Buckler Family, Llandough, Vale of Glamorgan
    - Re: Great House Farm/ Church View Close, Llandough, nr. Penarth, Vale of Glamorgan (ATISN 27021)
    - Re: Historic Adverse Possession Licence Interruption Case(s)
    - Re: Manor of Llandough - MDR Entries
    - Re: RC26-0205 - Great House Farm, Williams/ Buckler Family, Llandough, Vale of Glamorgan
    - Re: RC26-0205 - Great House Farm, Williams/ Buckler Family, Llandough, Vale of Glamorgan - Details of Archives
    - Re: RC26-0205 - Great House Farm, Williams/ Buckler Family, Llandough, Vale of Glamorgan - Further Details of Archives
    - Re: Reply to your email of September 2025
    - Re: Request for Referral to the Parliamentary and Health Service Ombudsman – HM Land Registry Complaint (Case Ref: KN806)
    - Re: Resolution of Historical Dispossession and Fraud – Great House Farm, Llandough, Vale of Glamorgan
    - Re: Setting Aside BP vs Buckler 1987 on grounds of BP with our stolen paper title and identity fraud, court mistakes and procedural unfairness & more
    - Re: Subject: Freedom of Information Request - Ty Mawr (Great House), Llandough, near Penarth (1938-1987) F260213
    - Re: Subject: Stage Two Complaint – Title WA231076 – Alleged Mistake in the Register
    - Re: Title WA231076 / Ty Mawr Farm – Allegation of Fraud, Mistake and Request for Escalation to Legal
    - Re: [EXTERNAL] Cais am Gyngor Cyfreithiol – Ty Mawr, Llandough
    - Re: last email
    - Ref: TO130237
    - Ref: WA231076 /  WA240304
    - Request for Access to Bute Estate / Western Ground Rents Records – Great House Farm, Llandough (Williams Family, Quarry Deal
    - Request for Access to Historical Court Records – Great House Farm (Ty Mawr), Llandough
    - Request for Clarification of Correspondence – Title WA231076
    - Request for Referral to the Parliamentary and Health Service Ombudsman – HM Land Registry Complaint
    - Resolution of Historical Dispossession and Fraud – Great House Farm, Llandough, Vale of Glamorgan
    - Sion Buckler . Nec Vi, Nec Clam, Nec Precario - Heir & Successor to Williams/ Buckler Dynasty, Llandough, Vale of Glamorgan
    - Sion Hywel, your posts got 7 impressions last week
    - Sion Hywel, your profile name was changed
    - Subject: FOI - Location & Access to Historical Court Records (Great House Farm, Llandough)
    - Subject: Freedom of Information Request - Ty Mawr (Great House), Llandough, near Penarth (1938-1987)
    - Subject: Research Enquiry - Great House Farm, Llandough (Williams/Buckler, Bute Estates, Daniel Thomas)
    - Support for the Great House Farm (Ty Mawr, Llandough) Heritage Project
    - The National Archives Satisfaction Survey
    - Title Fraud and Procedural Concealment – Church View Close, Llandough (formerly Great House Farm/ "Ty Mawr")
    - Undeliverable: BP vs Buckler, Great House Farm, Llandough
    - Undeliverable: FORMAL DISCLOSURE NOTICE & LITIGATION HOLD: Historic Significance, Planning Approvals, and Displaced Family Tenancy Records for Great House Farm, Llandough (FOIA/EIR Request)
    - WA231076 / WA240304 – request to confirm scope of first registration file records
    - Yo 2
    - You appeared in 1 searches this week
    - Your submission to LibAnswers was received.
    - 💬 Sion Hywel, add Antony Chesworth
    - 💬 Sion, add Chris Smyth
    - 💬 Sion, add Nasir Shiraz

--- Llandough ---
  Messages found in search: 489
  New PDFs downloaded: 30
    - 1988-07-29 - Barn at Great House Farmhouse, Llandough - survey photo.pdf
    - 1988-07-29 - Great House Farmhouse, Llandough - survey photo.pdf
    - 1990-08-xx - Great House Farmhouse, Llandough - GGAT Assessment.pdf
    - Buckler_Final_All_In_One_Report.pdf
    - CLIP Cymru_ Results for Buckler, bp.PDF
    - Correspondence.pdf
    - Declaration of Single Status (1).pdf
    - F260213.pdf
    - Forensic Questions for the Court_Commission_ Ty Mawr (1).pdf
    - Forensic Restitution Estimate _ 0.2.pdf
    - Forensic_Evaluation_and_Restitutionary_Brief_Ty_Mawr_v0.6_clean.pdf
    - GHF Restitutionary Claim Forensic Evaluation_ v0.5.pdf
    - Great House Farm Reboot.pdf
    - Great_House_Farm_Timeline (1) (1).pdf
    - Great_House_Farm_Timeline.pdf
    - Green Zone - Buffer Zone - UK - 1.0 (2).pdf
    - Green Zone - Buffer Zone - UK - 1.1.pdf
    - LES16 Price List 2025.pdf
    - LES16 Price List 2026.pdf
    - LES17 Licence Fees 2026.pdf
    - MARDELLJoshuaDepositCopyThesisMarch2019 (1).pdf
    - MARDELLJoshuaDepositCopyThesisMarch2019.pdf
    - Official ESTA Application Website, U.S. Customs and Border Protection.pdf
    - TO130237 Sion Buckler.pdf
    - TyMawr_CrynodebGweithredol_v0.1 (1).pdf
    - TyMawr_LitigationFunding_v0.1.pdf
    - WWFM-DSAP IA - Business Case (v0.3) pages 1-7.pdf
    - WWFM-DSAP Integrator Alliance - Business Case Finances - v1.5.pdf
    - Whistleblower Declaration Sion Buckler (1).pdf
    - wwfm dsap - corporate structure - version 0.1.pdf
  New text files saved: 301
    - 
    -  Cais am Gyngor Cyfreithiol – Ty Mawr, Llandough
    - 3 people noticed you
    - 3 profile views
    - 4 profile views
    - 5 people noticed you
    - 5 profile views
    - 6 people noticed you
    - 6 profile views
    - A survey of Manor of Llandough
    - AI Designer MCP Server Turns Claude Code Into A Real Website Builder
    - ATB/RE: ATB/RE: Formal Notice Follow Up: Resolution of Historical Dispossession and Fraud – Great House Farm, Llandough, Vale of Glamorgan
    - ATB/RE: Cais am Ddeiseb ac Ymchwiliad Cyhoeddus: Achos Buckler v BP (1987) a Dinistr Great House Farm, Llandough / Formal Request for Inquiry: The Great House Farm Dispossession (BP vs Buckler)
    - ATB/RE: Formal Notice Follow Up: Resolution of Historical Dispossession and Fraud – Great House Farm, Llandough, Vale of Glamorgan
    - ATISN 27021
    - Addison Burley, Senior Inbound Account Executive, is popular in your network
    - Alex Hormozi posted: How I Broke a Genius World Record and sold 3.6M books and…
    - Alex Hormozi posted: If you find a partner who checks all these boxes, just…
    - Alex Hormozi shared a post
    - Alex Hormozi, Craig Murney, and Ben Wilson Have Updates for You, Sion Buckler
    - Andreas Arakapiotis and others share their thoughts on LinkedIn
    - Anthropic shared a post: Anthropic co-founder Chris Olah was invited to speak…
    - Antony May DipNEBOSH PIEMA AIFSM and others share their thoughts on LinkedIn
    - Automatic reply: Automatic reply: FORMAL DISCLOSURE NOTICE & LITIGATION HOLD: Historic Significance, Planning Approvals, and Displaced Family Tenancy Records for Great House Farm, Llandough (FOIA/EIR Request)
    - Automatic reply: BP vs Buckler, Great House Farm, Llandough
    - Automatic reply: FORMAL DISCLOSURE NOTICE & LITIGATION HOLD: Historic Significance, Planning Approvals, and Displaced Family Tenancy Records for Great House Farm, Llandough (FOIA/EIR Request)
    - Automatic reply: Formal Notice Follow Up: Resolution of Historical Dispossession and Fraud – Great House Farm, Llandough, Vale of Glamorgan
    - Automatic reply: RC26-0205 - Great House Farm, Williams/ Buckler Family, Llandough, Vale of Glamorgan
    - Automatic reply: Resolution of Historical Dispossession and Fraud – Great House Farm, Llandough, Vale of Glamorgan
    - Automatic reply: Subject: FOI - Location & Access to Historical Court Records (Great House Farm, Llandough)
    - Automatic reply: Subject: Freedom of Information Request - Ty Mawr (Great House), Llandough, near Penarth (1938-1987) F260213
    - Automatic reply: Title Fraud and Procedural Concealment – Church View Close, Llandough (formerly Great House Farm/ "Ty Mawr")
    - BP vs Buckler 1987 Thatcher & SAS
    - BP vs Buckler, Great House Farm, Llandough
    - Ben Wilson - Managing Director reacted to this post: A bit of fun for a Friday…
    - Ben Wilson - Managing Director reacted to this post: Anne Hathaway said in an…
    - Ben Wilson - Managing Director reacted to this post: As a CEO, the two most…
    - Ben Wilson - Managing Director reacted to this post: Can someone explain how this…
    - Ben Wilson - Managing Director reacted to this post: Friday Fun caption contest -…
    - Ben Wilson - Managing Director reacted to this post: It’s Friday - So It Must Be…
    - Ben Wilson - Managing Director reacted to this post: Sad to see Arne Slot leave…
    - Ben Wilson - Managing Director reacted to this post: Special thank you to Emma…
    - Ben Wilson - Managing Director reacted to this post: Today I had the pleasure of…
    - Ben Wilson - Managing Director reacted to this post: 🏆 The moment we’ve been…
    - Ben Wilson and Alex Hormozi Have Updates for You, Sion Buckler
    - Ben Wilson commented on Nick Bramley’s post: Isn't it sad that this is…
    - Ben Wilson posted: Does anyone else feel like all they've done all day is…
    - British Army Head Productivity and Sustainability recently posted
    - British Army Paramedic recently posted
    - CAS-315609 CRM:009700964
    - Cais am Gyngor Cyfreithiol – Ty Mawr, Llandough
    - Charles Krier, Partner - Avocat à la Cour , is popular in your network
    - Check out what you missed from DATRO Security Group last week
    - Church View Close, Llandough
    - Claude Auto Mode AI Changes How Teams Delegate Work
    - Claude Design AI Is Turning Prompts Into Campaign Assets Instantly
    - Claude Design Tool Unlocks A New Prompt Driven Content Workflow
    - Claude Mythos Model Is Changing Enterprise Security Faster Than Most Leaders Realize
    - Claude Opus 4.7 AI SEO Workflow That Turns Content Into Traffic Assets
    - Claude Opus 4.7 SEO Workflow Turning Research Into Rankings Automatically
    - Claude Opus 4.7 Self Verification AI Reduces Rewrite Loops Across Workflows
    - Coflein Government Archives Evidence for Great House Farm / Ty Mawr - Williams Family Ownership Claim
    - Complaint regarding failure of response by public bodies and concerns about maladministration and historic property dispute handling
    - Craig Murney - Portfolio Director reacted to this post: Anyone who has written a full…
    - Craig Murney - Portfolio Director reacted to this post: How many hrs spent bulling…
    - Craig Murney - Portfolio Director reacted to this post: Morning All,

For nearly 3…
    - Craig Murney - Portfolio Director reacted to this post: People, stop here. Stop…
    - Craig Murney - Portfolio Director reacted to this post: Recently I’ve been able to…
    - Craig Murney - Portfolio Director reacted to this post: The Hidden Math of "Inside…
    - Craig Murney and Alex Hormozi Have Updates for You, Sion Buckler
    - Craig Murney recently posted
    - Craig Murney, Alex Hormozi, and Ben Wilson Have Updates for You, Sion Buckler
    - Craig Murney, Ben Wilson, and Alex Hormozi Have Updates for You, Sion Buckler
    - Create With Strategic Intent
    - David Ogden commented on Jakub O.’s post: Sixth Commandment - You shall not…
    - David Ogden sent you a message 3 days ago
    - David Ogden, Ben Wilson, and Alex Hormozi Have Updates for You, Sion Buckler
    - David just messaged you
    - Developer: CIDS - Centro de Investigación, Desarrollo y Transferencia de Sistemas de Información and Prendo.ar hired roles near you
    - Developer: Grido and  hired roles near you
    - Diego Cánovas Cánovas - Shipping Advisor reacted to this post: It was a great pleasure to…
    - Diverst
    - EIR Request - Historic Water Supply Records for Great House Farm, Llandough (Mary Williams/Buckler, 1950s-1990s)
    - EIR/FOI request - 00210772
    - Enquiry; BP vs Buckler
    - FOI
    - FOI/EIR Request – 1988 Police/Bailiff Involvement in Dispossession at Great House Farm (Ty Mawr), Llandough (Ref: Buckler/Williams Family, BP Properties)

    - FOI/EIR request - Case Ref/ 00210772
    - FORMAL DISCLOSURE NOTICE & LITIGATION HOLD: Historic Significance, Planning Approvals, and Displaced Family Tenancy Records for Great House Farm, Llandough (FOIA/EIR Request)
    - FORMAL DISCLOSURE NOTICE & LITIGATION HOLD: Historic Significance, Planning Approvals, and Displaced Family Tenancy Records for Great House Farm, Llandough (FOIA/EIR Request) [Incident: 260529-000204]
    - FORMAL NOTICE: State-Sanctioned Dispossession of Great House Farm (Former Estate WA231076)
    - FORMAL NOTICE: Unlawful Dispossession of Great House Farm (Former Estate WA231076)
    - FW: Great House Farm, Llandough (aka Ty Mawr)
    - FW: Manor of Llandough - MDR Entries
    - Formal Notice Follow Up: Resolution of Historical Dispossession and Fraud – Great House Farm, Llandough, Vale of Glamorgan
    - Formal Notice for Record: Church View Close, Llandough / BP vs Buckler 1987
    - Formal Notice for Record: Church View Close, Llandough, Vale of Glamorgan, Wales / BP vs Buckler 1987
    - Formal Request for Information & Litigation Hold – Great House Farm Dispossession 1988 (Williams/Buckler Family, Titles WA231076/WA240304)
    - Freedom of Information Request F260213
    - Fwd: Formal Notice Follow Up: Resolution of Historical Dispossession and Fraud – Great House Farm, Llandough, Vale of Glamorgan
    - Fwd: Setting Aside BP vs Buckler 1987 on grounds of fraud
    - Fwd: Tŷ Mawr (Casa Grande), Llandough, Gales
    - Fwd: Your Ref: EDD Our Ref: WA231076/A/216/LG
    - Gary accepted your invitation, explore their network
    - Gemini Notebooks Free Users Just Got A Serious Workflow Advantage
    - Gemini Skills Chrome Turns Chrome Into A Real Productivity System
    - GitHub shared a post: Tanner Linsley used AI to rebuild React with only the…
    - Great House Farm
    - Great House Farm - Reperations  V0.5
    - Great House Farm - Williams/ Buckler
    - Great House Farm / Ty Mawr, Llandough – Further Evidence of 1988 Involvement & Request for Comprehensive Records (Ref: Previous Enquiries incl. 21 May 2026)
    - Great House Farm, Llandough
    - Great House Farm, Llandough - Williams/ Buckler Family
    - Great House Farm, Llandough, Nr Penarth, Vale of Glamorgan
    - Great House Farm, Llandough, Wales
    - Great House Farm, Williams/ Buckler Family, Llandough, Vale of Glamorgan
    - Great House Farm/ Church View Close, Llandough, nr. Penarth, Vale of Glamorgan
    - Hermes AI Agent With Ollama Makes Local Agents Practical For Business Owners
    - Historic Adverse Possession Licence Interruption Cases (1950–2000)
    - Hywel, you're now a member of George Carroll for Llandough
    - Hywel, you're now a member of Llandough Business Hub
    - Hywel, you're now a member of Llandough Community ❤
    - Hywel, you're now a member of Llandough old and new residents
    - I want to connect
    - Invitation for Funding Bid – Chancery Property Claim (Great House Farm)
    - James Wallington, Head of Europe, Capital Formation, is popular in your network
    - Julian accepted your invitation, explore their network
    - Kimi Code CLI Makes Terminal Workflows Faster With AI Agents
    - Kimi K2.6 Code Preview Just Changed How Developers Build Apps
    - LinkedIn Chief Economist recently posted
    - LinkedIn Vice President, Chief of Staff to the CEO recently posted
    - Mark Peters replied to your comment.
    - Martyn Roper OBE, Chairman Algeria British Business Council, is popular in your network
    - Ministry of Justice UK shared a post: What can volunteering as a magistrate…
    - New device registration for Remember me
    - New response to your FOI request - 1988 Dispossession of Great House Farm, Llandough from the Williams/ Buckler Family
    - NotebookLM Works With Gemini Creates A Smarter Research Workflow
    - OMI AI Second Brain Turns Daily Work Into Persistent Intelligence
    - Pablo Andres accepted your invitation, explore their network
    - Paperclip AI Agents Help You Build Smarter Automation Systems
    - Perplexity Personal Computer Mac Turns Your Desktop Into A 24/7 AI Operator
    - Peter Adams and others share their thoughts on LinkedIn
    - Planning Permission Church View Close, Llandough
    - Please update the status of your request - 1988 Dispossession of Great House Farm, Llandough from the Williams/ Buckler Family
    - Potential Historical Milestone for Down Syndrome Advocacy  
    - Qwen 3.6 Open Source Model Helps Reduce API Costs In Real Agent Stacks
    - RC26-0205 - Great House Farm, Williams/ Buckler Family, Llandough, Vale of Glamorgan
    - RC26-0205 - Great House Farm, Williams/ Buckler Family, Llandough, Vale of Glamorgan - Details of Archives
    - RC26-0205 - Great House Farm, Williams/ Buckler Family, Llandough, Vale of Glamorgan - Further Details of Archives
    - RE: Cais am Ddeiseb ac Ymchwiliad Cyhoeddus: Achos Buckler v BP (1987) a Dinistr Great House Farm, Llandough / Formal Request for Inquiry: The Great House Farm Dispossession (BP vs Buckler)
    - RE: EIR/FOI request - 00210772 (Great House Farm / Church View Close, Llandough) – Further Clarification and Request for Full Disclosure
    - RE: Epexio contact us form submission
    - RE: FOI
    - RE: FORMAL ALLEGATION OF FRAUD: Ref: 260202-5732372
    - RE: FORMAL DISCLOSURE NOTICE & LITIGATION HOLD: Historic Significance, Planning Approvals, and Displaced Family Tenancy Records for Great House Farm, Llandough (FOIA/EIR Request)
    - RE: FW: Invoice payment update
    - RE: FW: Manor of Llandough - MDR Entries
    - RE: Formal Notice Follow Up: Resolution of Historical Dispossession and Fraud – Great House Farm, Llandough, Vale of Glamorgan
    - RE: Formal Report of Suspected Indigenous Dispossession, Systemic Fraud, and Archaeological Suppression – Great House Farm, Llandough
    - RE: Great House Farm, Llandough
    - RE: Great House Farm, Llandough, Nr Penarth, Vale of Glamorgan
    - RE: Great House Farm, Williams/ Buckler Family, Llandough, Vale of Glamorgan
    - RE: Great House Farm/ Church View Close, Llandough, nr. Penarth, Vale of Glamorgan (ATISN 27021)
    - RE: Historic Adverse Possession Licence Interruption Case(s)
    - RE: Historic Adverse Possession Licence Interruption Cases (1950-2000)
    - RE: Historic Adverse Possession Licence Interruption Cases (1950–2000)
    - RE: Manor of Llandough - MDR Entries
    - RE: Subject: Freedom of Information Request - Ty Mawr (Great House), Llandough, near Penarth (1938-1987) F260213
    - RE: [EXTERNAL] Cais am Gyngor Cyfreithiol – Ty Mawr, Llandough
    - Raghav Randev replied to your comment.
    - Ray-Ray Parsons posted in Llandough Business Hub
    - Re: ATB/RE: ATB/RE: Formal Notice Follow Up: Resolution of Historical Dispossession and Fraud – Great House Farm, Llandough, Vale of Glamorgan
    - Re: ATB/RE: Formal Notice Follow Up: Resolution of Historical Dispossession and Fraud – Great House Farm, Llandough, Vale of Glamorgan
    - Re: Automatic reply: FORMAL DISCLOSURE NOTICE & LITIGATION HOLD: Historic Significance, Planning Approvals, and Displaced Family Tenancy Records for Great House Farm, Llandough (FOIA/EIR Request)
    - Re: CAS-315609 CRM:009700964
    - Re: Cais am Ddeiseb ac Ymchwiliad Cyhoeddus: Achos Buckler v BP (1987) a Dinistr Great House Farm, Llandough / Formal Request for Inquiry: The Great House Farm Dispossession (BP vs Buckler)
    - Re: Cais am Gyngor Cyfreithiol – Ty Mawr, Llandough
    - Re: EIR/FOI request - 00210772 (Great House Farm / Church View Close, Llandough) – Further Clarification and Request for Full Disclosure
    - Re: Epexio contact us form submission
    - Re: Epstein Files: If this is what they're showing... imagine the rest
    - Re: FORMAL DISCLOSURE NOTICE & LITIGATION HOLD: Historic Significance, Planning Approvals, and Displaced Family Tenancy Records for Great House Farm, Llandough (FOIA/EIR Request)
    - Re: FORMAL DISCLOSURE NOTICE & LITIGATION HOLD: Historic Significance, Planning Approvals, and Displaced Family Tenancy Records for Great House Farm, Llandough (FOIA/EIR Request) [Incident: 260529-000204]
    - Re: FW: Great House Farm, Llandough (aka Ty Mawr)
    - Re: FW: Invoice payment update
    - Re: FW: Manor of Llandough - MDR Entries
    - Re: Formal Notice for Record: Church View Close, Llandough / BP vs Buckler 1987
    - Re: Great House Farm
    - Re: Great House Farm, Llandough
    - Re: Great House Farm, Llandough, Nr Penarth, Vale of Glamorgan
    - Re: Great House Farm, Williams/ Buckler Family, Llandough, Vale of Glamorgan
    - Re: Great House Farm/ Church View Close, Llandough, nr. Penarth, Vale of Glamorgan (ATISN 27021)
    - Re: Historic Adverse Possession Licence Interruption Case(s)
    - Re: Manor of Llandough - MDR Entries
    - Re: RC26-0205 - Great House Farm, Williams/ Buckler Family, Llandough, Vale of Glamorgan
    - Re: RC26-0205 - Great House Farm, Williams/ Buckler Family, Llandough, Vale of Glamorgan - Details of Archives
    - Re: RC26-0205 - Great House Farm, Williams/ Buckler Family, Llandough, Vale of Glamorgan - Further Details of Archives
    - Re: Reply to your email of September 2025
    - Re: Request for Referral to the Parliamentary and Health Service Ombudsman – HM Land Registry Complaint (Case Ref: KN806)
    - Re: Resolution of Historical Dispossession and Fraud – Great House Farm, Llandough, Vale of Glamorgan
    - Re: Setting Aside BP vs Buckler 1987 on grounds of BP with our stolen paper title and identity fraud, court mistakes and procedural unfairness & more
    - Re: Setting Aside BP vs Buckler 1987 on grounds of fraud
    - Re: Subject: Freedom of Information Request - Ty Mawr (Great House), Llandough, near Penarth (1938-1987) F260213
    - Re: Subject: Stage Two Complaint – Title WA231076 – Alleged Mistake in the Register
    - Re: Title WA231076 / Ty Mawr Farm – Allegation of Fraud, Mistake and Request for Escalation to Legal
    - Re: Williams Title & Estate, Llandough
    - Re: You're Invited: Online Pitching Session – Emwill Care | Thursday 21st, 4PM
    - Re: Your Ref: EDD Our Ref: WA231076/A/216/LG
    - Re: [EXTERNAL] Cais am Gyngor Cyfreithiol – Ty Mawr, Llandough
    - Re: last email
    - Ref: John Oakes: CCAN
    - Ref: TO130237
    - Ref: WA231076 /  WA240304
    - Request for Access to Bute Estate / Western Ground Rents Records – Great House Farm, Llandough (Williams Family, Quarry Deal
    - Request for Access to Historical Court Records – Great House Farm (Ty Mawr), Llandough
    - Request for Referral to the Parliamentary and Health Service Ombudsman – HM Land Registry Complaint
    - Resolution of Historical Dispossession and Fraud – Great House Farm, Llandough, Vale of Glamorgan
    - Rob Lawrence commented on Nina Sawetz’s post: He’s got better 5G than…
    - Rob Lawrence posted: Global supply chains face mounting pressure from…
    - Robin Jose replied to your comment.
    - Rolls-Royce SMR Head of Organisational Development and Capability recently posted
    - Rolls-Royce SMR Senior Talent Acquisition Partner recently posted
    - Setting Aside BP vs Buckler 1987 on grounds of fraud
    - Simon Ghahary - Creative Director & Industrial Design reacted to this post: Can't wait for the world to…
    - Simon Ghahary posted: It started in my living room.

No workshop. No backing…
    - Sion Buckler . Nec Vi, Nec Clam, Nec Precario - Heir & Successor to Williams/ Buckler Dynasty, Llandough, Vale of Glamorgan
    - Sion Hywel, your posts got 7 impressions last week
    - Sion Hywel, your profile name was changed
    - Sion, Craig Murney has a new post for you
    - Sion, OpenClaw has a new post for you
    - Sion, add Archit Kohli - Co-Founder
    - Sion, add Bibek Bhandari - General Manager
    - Sion, add JID Junta Interamericana de Defensa from Inter American Defense Board
    - Sion, add Jazz Buttar from Move Global Connect-Tata Communications
    - Sion, add Sue Kenderdine from Twofour Group
    - Sion, follow Maria Belen Schvindt - Analista de Empleos y Marca Empleadora at Laboratorio Elea
    - Sion, follow Mark Carney - 24th Prime Minister of Canada | 24e premier ministre du Canada at Office of the Prime Minister of Canada | Cabinet du premier ministre du Canada
    - Sion, follow Marvin Ellison - Chairman, President and CEO at Lowe's Companies, Inc.
    - Sion, follow Mykhailo Fedorov - The Minister of Defense of Ukraine at Ministry of Defence of Ukraine
    - Sion, follow Ted Decker - Chair, President and CEO at The Home Depot
    - Sion, last week your posts reached 70 people!
    - Sion, last week your posts reached 9 people!
    - Sion, meet Kimberly Shaw-Walker at Kim Shaw Walker Events 🤛
    - Sion, meet Matt Diggity at MattDiggity.com 🤛
    - Sion, see Andriy Fedoriv in your feed
    - Sion, your posts got 20 impressions last week
    - Sion, your posts got 38 impressions last week
    - Sion, your posts got 5 impressions last week
    - Sion, your profile photo was changed
    - Sion, you’re getting noticed
    - Subject: FOI - Location & Access to Historical Court Records (Great House Farm, Llandough)
    - Subject: Freedom of Information Request - Ty Mawr (Great House), Llandough, near Penarth (1938-1987)
    - Subject: Research Enquiry - Great House Farm, Llandough (Williams/Buckler, Bute Estates, Daniel Thomas)
    - Subject: Stage Two Complaint – Title WA231076 – Alleged Mistake in the Register
    - Support for the Great House Farm (Ty Mawr, Llandough) Heritage Project
    - T-Mobile Chief Executive Officer recently posted
    - T-Mobile Chief Operating Officer recently posted
    - T-Mobile Lead Photographer recently posted
    - Title Fraud and Procedural Concealment – Church View Close, Llandough (formerly Great House Farm/ "Ty Mawr")
    - Turn Your Insight Into Influence
    - Tŷ Mawr (Casa Grande), Llandough, Gales
    - Undeliverable: BP vs Buckler, Great House Farm, Llandough
    - Undeliverable: FORMAL DISCLOSURE NOTICE & LITIGATION HOLD: Historic Significance, Planning Approvals, and Displaced Family Tenancy Records for Great House Farm, Llandough (FOIA/EIR Request)
    - Undeliverable: Potential Historical Milestone for Down Syndrome Advocacy  
    - WA231076 / WA240304 – request to confirm scope of first registration file records
    - You appeared in 1 searches this week
    - You appeared in recent searches
    - You have 1 new invitation
    - Your Ref: EDD Our Ref: WA231076/A/216/CT
    - Your Ref: EDD Our Ref: WA231076/A/216/KH
    - Your Ref: EDD Our Ref: WA231076/A/216/LG
    - Your Ref: EDD Our Ref: WA231076/A/216/MC
    - Your ad was approved
    - Your submission to LibAnswers was received.
    - jamal marmash and others share their thoughts on LinkedIn
    - 💬 DATRO Security Group just posted on LinkedIn
    - 💬 Sion Hywel, add Antony Chesworth
    - 💬 Sion, add Ali ‎
    - 💬 Sion, add Ameer Hamza
    - 💬 Sion, add Andy Betts
    - 💬 Sion, add Andy Watterson
    - 💬 Sion, add Antony Chesworth
    - 💬 Sion, add Bert Moortgat
    - 💬 Sion, add Carolina Soto
    - 💬 Sion, add Chris Smyth
    - 💬 Sion, add Damjan Kukovec
    - 💬 Sion, add Eleni Shiarlis
    - 💬 Sion, add Gabriella Ricci
    - 💬 Sion, add Gary Vearncombe
    - 💬 Sion, add George Cowcher
    - 💬 Sion, add Jazz Buttar
    - 💬 Sion, add Mark Pritchard
    - 💬 Sion, add Muhammad Saad
    - 💬 Sion, add Muskan yadav
    - 💬 Sion, add Nasir Shiraz
    - 💬 Sion, add Neil Pangbourne
    - 💬 Sion, add Patrick Brun
    - 💬 Sion, add Pete S.
    - 💬 Sion, add Samantha Cassells
    - 💬 Sion, add Tj Power
    - 💬 Sion, add Vusimozi Solani
    - 💬 Sion, add Waseem link building

--- Mrs Williams ---
  Messages found in search: 35
  New PDFs downloaded: 5
    - Forensic Questions for the Court_Commission_ Ty Mawr (1).pdf
    - Forensic Restitution Estimate _ 0.2.pdf
    - GHF Restitutionary Claim Forensic Evaluation_ v0.5.pdf
    - Great_House_Farm_Timeline (1) (1).pdf
    - Great_House_Farm_Timeline.pdf
  New text files saved: 23
    - ATB/RE: ATB/RE: Formal Notice Follow Up: Resolution of Historical Dispossession and Fraud – Great House Farm, Llandough, Vale of Glamorgan
    - ATB/RE: Formal Notice Follow Up: Resolution of Historical Dispossession and Fraud – Great House Farm, Llandough, Vale of Glamorgan
    - BP vs Buckler 1987 Thatcher & SAS
    - Diverst
    - Formal Notice Follow Up: Resolution of Historical Dispossession and Fraud – Great House Farm, Llandough, Vale of Glamorgan
    - Fwd: Formal Notice Follow Up: Resolution of Historical Dispossession and Fraud – Great House Farm, Llandough, Vale of Glamorgan
    - Great House Farm
    - Great House Farm - Reperations  V0.5
    - Hey Kiro. Here's more on BP vs Buckler 1987
    - RE: Formal Notice Follow Up: Resolution of Historical Dispossession and Fraud – Great House Farm, Llandough, Vale of Glamorgan
    - RE: Formal Report of Suspected Indigenous Dispossession, Systemic Fraud, and Archaeological Suppression – Great House Farm, Llandough
    - Re: ATB/RE: ATB/RE: Formal Notice Follow Up: Resolution of Historical Dispossession and Fraud – Great House Farm, Llandough, Vale of Glamorgan
    - Re: ATB/RE: Formal Notice Follow Up: Resolution of Historical Dispossession and Fraud – Great House Farm, Llandough, Vale of Glamorgan
    - Re: Great House Farm, Llandough
    - Re: RC26-0205 - Great House Farm, Williams/ Buckler Family, Llandough, Vale of Glamorgan - Further Details of Archives
    - Re: Resolution of Historical Dispossession and Fraud – Great House Farm, Llandough, Vale of Glamorgan
    - Re: Subject: Stage Two Complaint – Title WA231076 – Alleged Mistake in the Register
    - Re: Title WA231076 / Ty Mawr Farm – Allegation of Fraud, Mistake and Request for Escalation to Legal
    - Re: Williams Title & Estate, Llandough
    - Re: Your Ref: EDD Our Ref: WA231076/A/216/LG
    - Re: Your Ref: EDD Our Ref: WA231076/A/216/MC
    - Resolution of Historical Dispossession and Fraud – Great House Farm, Llandough, Vale of Glamorgan
    - Subject: Stage Two Complaint – Title WA231076 – Alleged Mistake in the Register

--- BP vs Buckler ---
  Messages found in search: 196
  New PDFs downloaded: 19
    - 1988-07-29 - Barn at Great House Farmhouse, Llandough - survey photo.pdf
    - 1988-07-29 - Great House Farmhouse, Llandough - survey photo.pdf
    - 1990-08-xx - Great House Farmhouse, Llandough - GGAT Assessment.pdf
    - Buckler_Final_All_In_One_Report.pdf
    - CLIP Cymru_ Results for Buckler, bp.PDF
    - Forensic_Evaluation_and_Restitutionary_Brief_Ty_Mawr_v0.6_clean.pdf
    - Great_House_Farm_Timeline (1) (1).pdf
    - Great_House_Farm_Timeline.pdf
    - Green Zone - Buffer Zone - UK - 1.0 (2).pdf
    - Green Zone - Buffer Zone - UK - 1.1.pdf
    - LES16 Price List 2025.pdf
    - MARDELLJoshuaDepositCopyThesisMarch2019 (1).pdf
    - MARDELLJoshuaDepositCopyThesisMarch2019.pdf
    - TO130237 Sion Buckler.pdf
    - TyMawr_LitigationFunding_v0.1.pdf
    - WWFM-DSAP IA - Business Case (v0.3) pages 1-7.pdf
    - WWFM-DSAP Integrator Alliance - Business Case Finances - v1.5.pdf
    - Whistleblower Declaration Sion Buckler (1).pdf
    - wwfm dsap - corporate structure - version 0.1.pdf
  New text files saved: 65
    - 
    - ATB/RE: ATB/RE: Formal Notice Follow Up: Resolution of Historical Dispossession and Fraud – Great House Farm, Llandough, Vale of Glamorgan
    - ATB/RE: Cais am Ddeiseb ac Ymchwiliad Cyhoeddus: Achos Buckler v BP (1987) a Dinistr Great House Farm, Llandough / Formal Request for Inquiry: The Great House Farm Dispossession (BP vs Buckler)
    - ATB/RE: Formal Notice Follow Up: Resolution of Historical Dispossession and Fraud – Great House Farm, Llandough, Vale of Glamorgan
    - Automatic reply: BP vs Buckler, Great House Farm, Llandough
    - Automatic reply: Setting Aside BP vs Buckler 1987 on grounds of BP with our stolen paper title and identity fraud, court mistakes and procedural unfairness & more
    - BP vs Buckler 1987 Thatcher & SAS
    - BP vs Buckler, Great House Farm, Llandough
    - Church View Close, Llandough
    - Enquiry; BP vs Buckler
    - FORMAL NOTICE: State-Sanctioned Dispossession of Great House Farm (Former Estate WA231076)
    - FORMAL NOTICE: Unlawful Dispossession of Great House Farm (Former Estate WA231076)
    - FW: Great House Farm, Llandough (aka Ty Mawr)
    - FW: Manor of Llandough - MDR Entries
    - Formal Notice Follow Up: Resolution of Historical Dispossession and Fraud – Great House Farm, Llandough, Vale of Glamorgan
    - Formal Notice for Record: Church View Close, Llandough / BP vs Buckler 1987
    - Formal Notice for Record: Church View Close, Llandough, Vale of Glamorgan, Wales / BP vs Buckler 1987
    - Fwd: Formal Notice Follow Up: Resolution of Historical Dispossession and Fraud – Great House Farm, Llandough, Vale of Glamorgan
    - Fwd: Setting Aside BP vs Buckler 1987 on grounds of fraud
    - Fwd: Tŷ Mawr (Casa Grande), Llandough, Gales
    - Great House Farm
    - Great House Farm / Ty Mawr, Llandough – Further Evidence of 1988 Involvement & Request for Comprehensive Records (Ref: Previous Enquiries incl. 21 May 2026)
    - Great House Farm, Llandough
    - Great House Farm, Llandough, Nr Penarth, Vale of Glamorgan
    - Great House Farm, Llandough, Wales
    - Hey Kiro. Here's more on BP vs Buckler 1987
    - Historic Adverse Possession Licence Interruption Cases (1950–2000)
    - Invitation for Funding Bid – Chancery Property Claim (Great House Farm)
    - Planning Permission Church View Close, Llandough
    - RC26-0205 - Great House Farm, Williams/ Buckler Family, Llandough, Vale of Glamorgan - Further Details of Archives
    - RE: Cais am Ddeiseb ac Ymchwiliad Cyhoeddus: Achos Buckler v BP (1987) a Dinistr Great House Farm, Llandough / Formal Request for Inquiry: The Great House Farm Dispossession (BP vs Buckler)
    - RE: EIR/FOI request - 00210772 (Great House Farm / Church View Close, Llandough) – Further Clarification and Request for Full Disclosure
    - RE: FW: Invoice payment update
    - RE: FW: Manor of Llandough - MDR Entries
    - RE: Formal Notice Follow Up: Resolution of Historical Dispossession and Fraud – Great House Farm, Llandough, Vale of Glamorgan
    - RE: Formal Report of Suspected Indigenous Dispossession, Systemic Fraud, and Archaeological Suppression – Great House Farm, Llandough
    - RE: Historic Adverse Possession Licence Interruption Cases (1950-2000)
    - RE: Historic Adverse Possession Licence Interruption Cases (1950–2000)
    - RE: Manor of Llandough - MDR Entries
    - Re: ATB/RE: ATB/RE: Formal Notice Follow Up: Resolution of Historical Dispossession and Fraud – Great House Farm, Llandough, Vale of Glamorgan
    - Re: ATB/RE: Formal Notice Follow Up: Resolution of Historical Dispossession and Fraud – Great House Farm, Llandough, Vale of Glamorgan
    - Re: Cais am Ddeiseb ac Ymchwiliad Cyhoeddus: Achos Buckler v BP (1987) a Dinistr Great House Farm, Llandough / Formal Request for Inquiry: The Great House Farm Dispossession (BP vs Buckler)
    - Re: EIR/FOI request - 00210772 (Great House Farm / Church View Close, Llandough) – Further Clarification and Request for Full Disclosure
    - Re: FW: Great House Farm, Llandough (aka Ty Mawr)
    - Re: FW: Invoice payment update
    - Re: FW: Manor of Llandough - MDR Entries
    - Re: Formal Notice for Record: Church View Close, Llandough / BP vs Buckler 1987
    - Re: Great House Farm
    - Re: Great House Farm, Llandough
    - Re: Manor of Llandough - MDR Entries
    - Re: RC26-0205 - Great House Farm, Williams/ Buckler Family, Llandough, Vale of Glamorgan - Details of Archives
    - Re: RC26-0205 - Great House Farm, Williams/ Buckler Family, Llandough, Vale of Glamorgan - Further Details of Archives
    - Re: Setting Aside BP vs Buckler 1987 on grounds of BP with our stolen paper title and identity fraud, court mistakes and procedural unfairness & more
    - Re: Setting Aside BP vs Buckler 1987 on grounds of fraud
    - Re: Title WA231076 / Ty Mawr Farm – Allegation of Fraud, Mistake and Request for Escalation to Legal
    - Re: Williams Title & Estate, Llandough
    - Re: Your Ref: EDD Our Ref: WA231076/A/216/LG
    - Ref: John Oakes: CCAN
    - Setting Aside BP vs Buckler 1987 on grounds of fraud
    - Support for the Great House Farm (Ty Mawr, Llandough) Heritage Project
    - The Williams Family & Marconi Farm / Ymholiad Cofnodion Teulu: Teulu Williams a Fferm Marconi / Consulta sobre Registros Familiares: La Familia Williams y la Granja Marconi
    - Tŷ Mawr (Casa Grande), Llandough, Gales
    - Undeliverable: BP vs Buckler, Great House Farm, Llandough
    - Update
    - Yo 2

--- Overall Summary ---
Total unique new PDFs downloaded: 47
  1988-07-29 - Barn at Great House Farmhouse, Llandough - survey photo.pdf
  1988-07-29 - Great House Farmhouse, Llandough - survey photo.pdf
  1990-08-xx - Great House Farmhouse, Llandough - GGAT Assessment.pdf
  2022-12-29_summary_of_title_WA386796 _GOV.UK.pdf
  26573865_1_Bright Sun Assignment-C1-C1.pdf
  26574758_1_http___epas.uspto.gov_com_receipt Assignment Bright Sun to Go...-C1-C1.pdf
  AFW Application Form (2014).pdf
  Buckler_Final_All_In_One_Report.pdf
  Business_Plan_Wave_Telecom_V1.4.pdf
  CLIP Cymru_ Results for Buckler, bp.PDF
  CSPrintAndSaveServlet.pdf
  Correspondence.pdf
  DRN7697632.pdf
  Declaration of Single Status (1).pdf
  EVR Network (2).pdf
  EVR Network _2_.pdf
  Equifax_credit_Rpt_.pdf
  F260213.pdf
  Forensic Questions for the Court_Commission_ Ty Mawr (1).pdf
  Forensic Restitution Estimate _ 0.2.pdf
  Forensic_Evaluation_and_Restitutionary_Brief_Ty_Mawr_v0.6_clean.pdf
  GHF Restitutionary Claim Forensic Evaluation_ v0.5.pdf
  Great House Farm Reboot.pdf
  Great_House_Farm_Timeline (1) (1).pdf
  Great_House_Farm_Timeline.pdf
  Green Zone - Buffer Zone - UK - 1.0 (2).pdf
  Green Zone - Buffer Zone - UK - 1.1.pdf
  HMT_Early_access_PenSavings_Dec10.pdf
  IMG_20240305_163751 (1).pdf
  InvestorsGuide2.pdf
  LES16 Price List 2025.pdf
  LES16 Price List 2026.pdf
  LES17 Licence Fees 2026.pdf
  MARDELLJoshuaDepositCopyThesisMarch2019 (1).pdf
  MARDELLJoshuaDepositCopyThesisMarch2019.pdf
  Official ESTA Application Website, U.S. Customs and Border Protection.pdf
  SMF-22C-617112110560.pdf
  TO130237 Sion Buckler.pdf
  TyMawr_CrynodebGweithredol_v0.1 (1).pdf
  TyMawr_LitigationFunding_v0.1.pdf
  UK_Watchlist_Report.pdf
  WWFM-DSAP IA - Business Case (v0.3) pages 1-7.pdf
  WWFM-DSAP Integrator Alliance - Business Case Finances - v1.5.pdf
  Whistleblower Declaration Sion Buckler (1).pdf
  Whistleblower Declaration Sion Buckler (2).pdf
  efx-creditreport-25102023 (1).pdf
  wwfm dsap - corporate structure - version 0.1.pdf
Total unique new text files saved: 326
Total errors: 0
